257314,2013,Tuolumne,0,0,0,0,Rim Fire
30274,2013,Los Angeles,0,0,0,0,Powerhouse Fire
27531,2013,Riverside,0,0,0,0,Mountain Fire
27440,2013,Placer,0,0,0,0,American Fire
24251,2013,Ventura,0,10,6,10,Springs Fire
22992,2013,Fresno,0,0,0,0,Aspen Fire
20292,2013,Riverside,0,26,8,40,Silver Fire
14754,2013,Siskiyou,0,0,0,0,Salmon River Complex
12503,2013,Humboldt,0,0,0,0,Corral Complex
11429,2013,Tehama,0,5,0,0,Deer Fire
8073,2013,Shasta,0,6,10,201,Clover Fire
7055,2013,San Diego,0,12,9,149,Chariot Fire
6965,2013,Tehama,0,6,0,0,Panther Fire
4346,2013,Kern,0,4,0,0,Grand Fire
4346,2013,Ventura,0,4,0,0,Grand Fire
3505,2013,Sonoma,0,6,0,1,McCabe Fire
3166,2013,Riverside,0,2,0,1,Summit Fire
3111,2013,Contra Costa,0,0,0,0,Morgan Fire
2781,2013,San Diego,0,5,0,0,San Felipe Fire
2462,2013,Butte,0,5,0,7,Swedes Fire
2236,2013,San Diego,0,0,0,0,DeLuz Fire
2060,2013,Tulare,0,0,0,0,Fish Fire
1984,2013,Santa Barbara,0,0,0,0,White Fire
1708,2013,Mariposa,0,1,0,0,Carstens Fire
1383,2013,Riverside,0,0,0,0,Falls Fire
1271,2013,San Diego,0,6,0,0,General Fire
1070,2013,Tuolumne,0,0,0,0,Power Fire
917,2013,Monterey,0,0,0,0,Pfeiffer Fire
794,2013,Kern,0,0,0,0,Shirley Fire
712,2013,Kern,0,5,0,0,Rancho Fire
712,2013,Los Angeles,0,0,0,0,Lake Fire
612,2013,Kern,0,0,0,0,Water Fire
572,2013,El Dorado,0,0,0,0,Kyburz Fire
534,2013,San Bernardino,0,0,1,0,Mills Fire
513,2013,Plumas,0,0,0,0,Plumas Lightning Complex (Hough)
510,2013,Riverside,0,0,0,0,Gorgonio Fire
502,2013,Modoc,0,0,0,0,Fox Fire (formally 3-7 Fire)
500,2013,San Luis Obispo,0,0,0,0,Branch Fire
492,2013,Contra Costa,0,0,0,0,Kirker Fire
482,2013,Madera,0,0,0,1,Rolling Fire
413,2013,San Bernardino,0,0,0,,Gobblers Fire
406,2013,Inyo,0,2,0,0,River Fire
376,2013,Napa,0,0,0,0,Putah Fire
354,2013,San Benito,0,0,0,0,Tres Pinos Fire
311,2013,Riverside,0,0,0,0,Jurupa Fire
305,2013,Butte,0,0,0,4,Summit Fire
303,2013,San Joaquin,0,0,0,,Shelton Fire
298,2013,Butte,0,0,0,9,Lone Fire
296,2013,Lake,0,0,0,0,Becks Fire
274,2013,Contra Costa,0,0,0,0,Concord Fire
274,2013,Madera,0,0,0,0,Gold Fire
268,2013,Los Angeles,0,0,0,0,Madre Fire
263,2013,San Diego,0,2,0,0,Lyon Fire
243,2013,San Bernardino,0,0,0,0,Sharp Fire
240,2013,Alameda,0,0,0,0,Vasco Fire
237,2013,Placer,0,0,0,0,PFE Fire
226,2013,Glenn,0,0,0,0,Daves Fire
217,2013,Glenn,0,0,0,0,306 Fire
213,2013,Monterey,0,0,0,0,Tassajara Fire
200,2013,San Bernardino,0,0,0,0,Sierra Fire
200,2013,Tehama,0,0,0,0,Vina Fire
196,2013,Shasta,0,0,0,0,Burney Lightning Series (Warner Fire)
195,2013,Tehama,0,0,0,0,Paskenta Fire
190,2013,Napa,0,0,0,1,Silverado Fire
170,2013,Santa Barbara,0,0,0,0,Olive Fire
163,2013,Yolo,0,0,0,0,Capay Fire
163,2013,El Dorado,0,0,0,0,50 Fire
163,2013,Sacramento,0,0,0,0,50 Fire
159,2013,Sonoma,0,0,0,0,Crane Fire
158,2013,Sonoma,0,0,0,0,Lakeville Fire
150,2013,Alameda,0,0,0,0,Highland Fire
150,2013,Riverside,0,0,0,0,Redlands Fire
150,2013,Stanislaus,0,0,0,0,Diablo Fire
150,2013,Fresno,0,0,0,0,George Fire
150,2013,Butte,0,0,0,0,Neal Fire
149,2013,Los Angeles,0,0,0,0,Magic Fire
134,2013,Tulare,0,0,0,0,Angora Fire
125,2013,Sonoma,0,0,0,0,Yellow Fire
124,2013,Solano,0,0,0,0,California Fire
124,2013,Merced,0,0,0,0,152 Fire
124,2013,Riverside,0,0,0,0,Smiley Fire
120,2013,Lake,0,0,0,1,Cantwell Fire
116,2013,El Dorado,0,0,0,1,Union Fire
110,2013,San Bernardino,0,0,0,0,Cleghorn Fire
108,2013,Fresno,0,0,0,0,Clinton Fire
105,2013,Monterey,0,0,0,0,Freeman Fire
100,2013,Los Angeles,0,0,0,0,Bee Fire
100,2013,Tuolumne,0,0,0,0,Murphy Fire
100,2013,San Diego,0,0,0,0,Border Fire
98,2013,Mendocino,0,0,0,0,Highland Fire
97,2013,Modoc,0,0,0,0,Davis Creek Complex
97,2013,San Bernardino,0,0,0,0,Little Fire
97,2013,Lassen,0,0,0,0,Coyote Fire
96,2013,Amador,0,0,0,0,Roadrunner Fire
94,2013,San Luis Obispo,0,0,0,0,Creek Fire
92,2013,Butte,0,2,0,0,Branch Fire
91,2013,Madera,0,0,0,1,Lilly 2 Fire
90,2013,Riverside,0,0,0,0,Water Fire
85,2013,San Luis Obispo,0,0,0,0,Adelaida Fire
82,2013,Mendocino,0,0,0,0,Retek Fire
80,2013,Butte,0,1,0,0,Centerville Fire
80,2013,Fresno,0,0,0,0,Butte Fire
75,2013,Tehama,0,0,0,0,Tehama Fire
75,2013,San Bernardino,0,0,0,0,Silverwood Fire
75,2013,Madera,0,0,0,0,Revis Fire
75,2013,San Bernardino,0,1,0,1,Lytle Fire
75,2013,Napa,0,0,0,0,Silverado Fire
73,2013,San Bernardino,0,0,0,0,Liveoak Fire
73,2013,Yuba,0,0,0,0,McGanney Fire
72,2013,Butte,0,0,0,0,Cedar Fire
70,2013,Lake,0,0,0,0,Double Fire
68,2013,Modoc,0,0,0,0,Rail Fire
64,2013,Ventura,0,0,0,0,Wheeler Fire
60,2013,Riverside,0,0,0,0,Tram Fire
60,2013,Riverside,0,0,0,0,Relay Fire
52,2013,Nevada,0,0,0,0,Tyler Fire
51,2013,San Luis Obispo,0,0,0,0,Toro Fire
50,2013,Lake,0,0,0,0,Bruner Fire
50,2013,Siskiyou,0,0,0,0,Cottonwood Fire
50,2013,Santa Clara,0,0,0,0,Uvas Fire
50,2013,Alameda,0,0,0,0,Grant Fire
50,2013,San Luis Obispo,0,0,0,0,Homestead Fire
46,2013,Calaveras,0,2,0,0,Bridges Fire
46,2013,Fresno,0,0,0,0,Sierra Fire
45,2013,Mendocino,0,0,0,0,Pratt Fire
44,2013,Ventura,0,0,0,0,Happy Camp Fire
43,2013,Shasta,0,0,0,0,Fiddler Fire
42,2013,Riverside,0,0,0,0,Viper Fire
41,2013,San Mateo,0,0,0,0,Chestnut Fire
40,2013,Santa Clara,0,0,0,0,Grant Fire
40,2013,Orange,0,0,0,0,Baker Fire
40,2013,San Diego,0,0,0,0,Valley Fire
40,2013,Riverside,0,0,0,0,Pierce Fire
40,2013,Siskiyou,0,0,0,0,Trout Fire
40,2013,Riverside,0,0,0,0,Heacock Fire
40,2013,Riverside,0,0,0,0,Palmyrita Fire
40,2013,Riverside,0,0,0,0,54 Fire
38,2013,El Dorado,0,0,0,0,Empire Fire
38,2013,Lake,0,0,0,0,Indian Fire
38,2013,Alameda,0,0,0,0,Fallon Fire
35,2013,Fresno,0,0,0,0,Michelle Fire
35,2013,San Luis Obispo,0,0,0,0,Cottontail Fire
34,2013,Shasta,0,0,0,0,Honey Fire
33,2013,Shasta,0,0,0,0,Dersch Fire
31,2013,Calaveras,0,0,0,0,Chuckwagon Fire
30,2013,Lake,0,0,0,0,Lakeshore Fire
30,2013,Lake,0,0,0,0,Lake Fire
30,2013,San Bernardino,0,0,0,0,Fawnskin Fire
28,2013,Sonoma,0,0,0,0,Sonoma-Lake-Napa Unit Lightning Fires
28,2013,Solano,0,0,0,0,Sonoma-Lake-Napa Unit Lightning Fires
28,2013,Lake,0,0,0,0,Sonoma-Lake-Napa Unit Lightning Fires
28,2013,Colusa,0,0,0,0,Sonoma-Lake-Napa Unit Lightning Fires
27,2013,Shasta,0,0,0,0,Cloverdale Fire
25,2013,San Diego,0,0,0,0,Flume Fire
25,2013,Lake,0,0,0,0,Mount Fire
25,2013,Riverside,0,0,0,0,Cherry Fire
23,2013,Lake,0,0,0,0,Dam Fire
15,2013,Mendocino,0,0,0,0,Refuse Fire
15,2013,Riverside,0,0,0,0,Gilman Fire
15,2013,Madera,0,0,0,0,Ranger Fire
0,2013,Humboldt,0,0,0,0,Orleans Complex
0,2013,Riverside,0,0,0,0,Hathaway Fire
97717,2014,El Dorado,0,12,0,80,King Fire
50042,2014,Siskiyou,0,0,0,0,July Complex
39736,2014,Shasta,0,0,0,0,Bald Fire
35302,2014,Siskiyou,0,0,0,0,Oregon Gulch Fire (part of the Beaver Complex)
32496,2014,Siskiyou,0,0,0,0,Beaver Fire
32416,2014,Shasta,0,11,0,21,Eiler Fire
14416,2014,San Diego,0,0,0,0,Pulgas Fire
13838,2014,Madera,0,0,0,0,French Fire
13153,2014,Modoc,0,7,0,6,Day Fire
12661,2014,Shasta,0,21,0,20,Bully Fire
12536,2014,Mendocino,0,15,0,0,Lodge Lightning Complex
6488,2014,Yolo,0,5,0,0,Monticello Fire
6258,2014,Shasta,0,0,0,0,Coffee Fire
5503,2014,Siskiyou,0,0,0,0,Little Deer Fire
5367,2014,San Diego,0,0,0,0,Tomahawk Fire
4840,2014,Monterey,0,0,0,0,Stoney Fire
4772,2014,Mariposa,0,0,0,0,Meadow Fire
4689,2014,Mariposa,0,0,0,0,El Portal Fire
4300,2014,Napa,0,4,0,9,Butts Fire
4300,2014,Lake,0,4,0,9,Butts Fire
4240,2014,Amador,0,2,0,67,Sand Fire
4240,2014,El Dorado,0,2,0,67,Sand Fire
4045,2014,Kern,0,0,0,0,Way Fire
3895,2014,Kern,0,0,0,0,Shirley Fire
2143,2014,San Bernardino,0,3,1,0,Etiwanda Fire
1995,2014,San Diego,0,3,0,40,Cocos Fire
1952,2014,Los Angeles,0,0,0,0,Colby Fire
1680,2014,Kern,0,0,0,0,Nicolls Fire 
1651,2014,Modoc,0,0,0,0,Modoc Lightning Complex
1548,2014,San Diego,0,3,0,0,Bernardo Fire
1469,2014,Modoc,0,0,0,0,Gulch Fire
1457,2014,San Diego,0,0,0,0,San Mateo Fire
1375,2014,Shasta,0,4,0,4,Gulch Fire
1080,2014,Mariposa,0,0,0,0,Dark Hole Fire
968,2014,Orange,0,0,0,0,Silverado Fire
865,2014,Tehama,0,0,0,0,Campbell Fire
677,2014,Mariposa,0,9,,3,Hunters Fire
632,2014,Santa Barbara,0,0,0,0,Miguelito Fire
612,2014,Madera,0,3,,47,Junction Fire
600,2014,San Diego,0,0,0,0,Poinsettia Fire
580,2014,Trinity,0,2,,1,Oregon Fire
516,2014,Siskiyou,0,1,7,165,Boles Fire
487,2014,Tuolumne,0,0,0,0,59 Fire
459,2014,Placer,0,2,0,10,Applegate Fire
403,2014,Mendocino,0,3,0,11,Black Fire
400,2014,Monterey,0,0,0,0,Encinal Fire
389,2014,Butte,0,4,0,0,Web Fire
380,2014,San Diego,0,0,0,0,Highway Fire
350,2014,Riverside,0,0,0,0,Pierce Fire
333,2014,Humboldt,0,0,0,0,Red Fire
320,2014,Madera,0,4,2,69,Courtney Fire
311,2014,Mariposa,0,0,0,0,Dog Rock Fire
300,2014,Mariposa,0,3,0,0,Bridge Fire
300,2014,Merced,0,0,0,0,Gun Club Fire
274,2014,Los Angeles,0,0,0,0,Tecolote Fire
269,2014,Tuolumne,0,0,0,0,Hetch Hetchy Fire
247,2014,Nevada,0,0,0,0,Dog Bar Fire
225,2014,Tehama,0,0,0,0,Tehama Fire
217,2014,San Diego,0,4,0,3,Banner Fire
210,2014,Humboldt,0,0,0,0,Bald Hill 3 Fire
190,2014,Los Angeles,0,0,0,0,Shoemaker Fire
175,2014,Lake,0,0,0,0,Indian Fire
143,2014,Shasta,0,0,0,0,Dry Fire
130,2014,Mariposa,0,1,0,0,Haigh Fire
125,2014,Santa Clara,0,0,0,0,Curie Fire
125,2014,San Diego,0,0,0,0,Gun Fire
120,2014,Calaveras,0,0,0,0,Reed Fire
120,2014,Placer,0,0,0,0,Brewer Fire
113,2014,Inyo,0,0,0,0,Bridges Fire
106,2014,Fresno,0,0,0,0,Lake Fire
105,2014,San Diego,0,0,0,0,River Fire
101,2014,Modoc,0,0,0,0,Little Fire
100,2014,Lake,0,0,0,0,Saratoga Fire
100,2014,Riverside,0,0,0,0,Interstate Fire
94,2014,El Dorado,0,0,0,0,Irene Fire
90,2014,Mariposa,0,0,0,0,Valley Fire
85,2014,Calaveras,0,1,0,1,Oak Fire
84,2014,Nevada,0,0,0,0,Boca Fire
80,2014,Santa Clara,0,0,0,0,Casa Fire
80,2014,Contra Costa,0,0,0,0,Marsh Fire
79,2014,Mariposa,0,0,0,0,Montgomery Fire
78,2014,Riverside,0,0,0,0,Sabina Fire
75,2014,Shasta,0,0,0,0,Cassel Fire
75,2014,Monterey,0,0,0,0,San Lucas Fire
72,2014,Butte,0,0,0,0,Wildlife Fire
70,2014,Tuolumne,0,0,0,0,Jackson Fire
70,2014,Kern,0,0,0,0,Ranch Fire
70,2014,Solano,0,0,0,0,Norman Fire
65,2014,Inyo,0,0,0,0,June Fire
62,2014,Mendocino,0,0,0,0,Nelson Fire
60,2014,Butte,0,0,0,0,Honcut Fire
57,2014,Riverside,0,0,0,0,Van Buren Fire
56,2014,San Diego,0,0,0,0,Freeway Fire 
50,2014,Shasta,0,0,0,0,Fiddler Fire
48,2014,San Bernardino,0,0,0,0,Bane Fire
47,2014,San Luis Obispo,0,0,0,0,Interlake Fire
40,2014,Fresno,0,4,0,1,Morgan Fire
38,2014,Nevada,0,0,0,0,Hutto Fire
37,2014,Humboldt,0,0,0,0,McClellan Fire
37,2014,Stanislaus,0,0,0,0,Lake Fire
31,2014,Riverside,0,0,0,0,Bogart Fire
30,2014,Siskiyou,0,0,0,0,Siskiyou County Lightning Fires
30,2014,El Dorado,0,0,0,0,Bible Fire
29,2014,San Diego,0,0,0,0,Jacumba Fire
27,2014,Napa,0,0,0,0,Stage Coach Fire
25,2014,Ventura,0,0,0,0,Foothill Fire 
25,2014,Shasta,0,0,0,0,Leopard Fire
25,2014,Fresno,0,0,0,0,Hall Fire
20,2014,El Dorado,0,0,0,0,Cascade Fire
20,2014,San Diego,0,0,0,0,Border Fire
18,2014,Humboldt,0,0,0,0,Bridge Fire
15,2014,Trinity,0,0,0,0,West Fire
14,2014,Placer,0,0,0,0,Iowa Fire
14,2014,Riverside,0,0,0,0,Santa Fire
10,2014,Madera,0,0,0,0,Pines Fire
6,2014,Napa,0,0,0,0,South Napa Earthquake
0,2014,Siskiyou,0,0,0,0,Happy Camp Complex
151623,2015,Fresno,0,0,0,0,Rough Fire 
77081,2015,Trinity,0,0,0,0,River Complex
69438,2015,Lake,0,0,8,96,Rocky Fire
36503,2015,Trinity,0,0,0,0,Fork Complex
31359,2015,San Bernardino,0,0,0,0,Lake Fire
30361,2015,Del Norte,0,0,0,0,Gasquet Complex
29416,2015,Trinity,0,0,0,0,South Complex
25118,2015,Lake,0,0,0,27,Jerusalem Fire
25118,2015,Napa,0,0,0,27,Jerusalem Fire
10570,2015,Lassen,0,0,0,0,Dodge Fire
7509,2015,Del Norte,0,0,0,0,Nickowitz Fire
7000,2015,Inyo,0,4,5,40,Round Fire
7000,2015,Mono,0,4,5,40,Round Fire
6980,2015,Tulare,0,0,0,0,Cabin Fire
5702,2015,Madera,0,0,0,0,Willow Fire
4883,2015,Humboldt,0,14,0,7,Humboldt Lightning Fires
4863,2015,Modoc,0,0,0,0,Frog Fire
4250,2015,San Bernardino,0,0,4,68,North Fire
3676,2015,Mono,0,0,0,0,Walker Fire
2700,2015,Alameda,0,0,0,0,Tesla Fire
2446,2015,San Luis Obispo,0,1,0,1,Cuesta Fire
2304,2015,Nevada,0,6,1,2,Lowell Fire
1850,2015,San Diego,0,0,0,0,Horno Fire
1791,2015,San Luis Obispo,0,4,0,23,Park Hill Fire
1542,2015,Trinity,0,0,0,0,Saddle Fire 
1450,2015,Merced,0,0,0,0,Creek Fire
1333,2015,Merced,0,0,0,0,McCabe Fire
1086,2015,Monterey,1,0,1,20,Tassajara Fire
1049,2015,Riverside,0,0,0,0,Highway Fire
1042,2015,Butte,0,1,0,0,Lumpkin Fire
920,2015,Madera,0,0,0,3,Corrine Fire
860,2015,Butte,0,0,0,0,Meridian Fire
673,2015,Lake,0,0,0,0,Elk Fire
670,2015,San Benito,0,3,0,0,Cienega Fire
543,2015,Riverside,0,0,0,0,Anza Fire
509,2015,Mono,0,0,0,0,Van Dyke Fire
500,2015,Madera,0,0,0,0,Sky Fire
430,2015,Tulare,0,0,0,0,Triple Fire
415,2015,Mariposa,0,0,0,0,Tenaya Fire
415,2015,Los Angeles,0,0,0,0,Calgrove Fire 
400,2015,Butte,0,0,0,16,Swedes Fire
374,2015,Los Angeles,0,0,0,0,Lincoln Fire
355,2015,Amador,0,0,0,0,Ione Fire
300,2015,Los Angeles,0,0,0,0,Warm Fire
300,2015,Alameda,0,0,0,0,Site Fire
282,2015,Ventura,0,0,0,0,Chorro Fire
275,2015,Merced,0,0,0,0,Forebay Fire
242,2015,Alameda,0,0,0,0,Christensen Fire
227,2015,Mendocino,0,0,0,0,Mendocino National Forest Lightning Complex
215,2015,Santa Clara,0,0,0,0,Pacheco Fire
215,2015,Lake,0,0,0,0,Peterson Fire
214,2015,Orange,0,0,0,0,241 Fire
212,2015,Shasta,0,2,1,5,China Fire
211,2015,Santa Barbara,0,0,0,0,Mesa Fire
204,2015,Tuolumne,0,0,0,0,Big Creek Fire
200,2015,Los Angeles,0,0,0,0,Pines Fire 
200,2015,Siskiyou,0,0,0,0,Stephens Fire
195,2015,Contra Costa,0,0,0,0,Vasco Fire
186,2015,Ventura,0,0,0,0,Rustic Fire
181,2015,Siskiyou,0,0,0,0,Cooley Fire
171,2015,San Diego,0,0,0,0,Wildcat Fire
170,2015,Fresno,0,0,0,0,Creek Fire
170,2015,Tehama,0,0,0,0,Black Fire
167,2015,Kern,0,0,0,0,Flat Fire 
167,2015,San Diego,0,0,0,0,Cutca Fire
164,2015,Ventura,0,0,0,0,River Fire
158,2015,Humboldt,0,2,0,0,Queen Fire
158,2015,Yuba,0,3,0,0,Cook Fire
150,2015,Solano,0,0,0,0,Sky Fire
150,2015,Riverside,0,0,0,0,Merwin Fire
146,2015,Humboldt,0,0,0,0,Horse Fire
137,2015,Plumas,0,0,0,0,Ward Fire
135,2015,Madera,0,0,0,0,Red Fire
128,2015,Trinity,0,0,0,0,Democrat Fire
122,2015,San Joaquin,0,0,0,0,Collier Fire
116,2015,Modoc,0,0,0,0,3-11 Fire
114,2015,Calaveras,0,0,0,0,Mark Fire
112,2015,Tuolumne,0,0,0,0,Tulloch Fire
111,2015,Lassen,0,0,0,0,Shinn Fire
110,2015,Sacramento,0,0,0,0,Apple Fire
110,2015,Tehama,0,0,0,1,36 Fire
110,2015,Placer,0,0,0,0,Riosa Fire
109,2015,Shasta,0,0,0,0,Walker Fire
108,2015,Tuolumne,0,1,0,3,Oak Fire
104,2015,Butte,0,0,0,0,Munjar Fire
100,2015,San Bernardino,0,0,0,0,Sterling Fire
95,2015,Monterey,0,0,0,0,Laureles Fire
95,2015,San Luis Obispo,0,0,0,0,Deer Fire
90,2015,Shasta,0,0,0,0,Sprig Fire
86,2015,Tulare,0,4,0,0,Advance Fire
80,2015,San Diego,0,0,0,0,Otay Fire
80,2015,Riverside,0,0,0,0,Harrison Fire
77,2015,Modoc,0,0,0,0,3-12 Fire
75,2015,Shasta,0,0,0,0,Fern Fire
75,2015,Shasta,0,2,0,1,Mallard Fire
75,2015,El Dorado,0,0,0,0,Kyburz Fire
75,2015,Butte,0,0,0,0,Webb Fire
72,2015,Butte,0,0,0,1,Olive Fire
69,2015,Siskiyou,0,0,0,0,Prairie Fire
67,2015,Kern,0,0,0,0,Pass Fire
65,2015,San Bernardino,0,0,0,0,Scales Fire
60,2015,Fresno,0,0,0,0,Kerkhoff Fire
60,2015,Lassen,0,0,0,0,Dixie Fire
60,2015,Riverside,0,0,0,0,Grapefruit Fire
60,2015,Mariposa,0,0,0,0,Triangle Fire
60,2015,Amador,0,0,0,0,North Fire
59,2015,Shasta,0,0,0,0,Point Fire
58,2015,Siskiyou,0,0,0,0,Military Fire
55,2015,San Bernardino,0,0,0,0,Summit Fire
55,2015,San Diego,0,0,0,0,De Luz Fire
55,2015,Tehama,0,0,0,0,Fork Fire
54,2015,San Bernardino,0,0,0,0,Mill 2 Fire
53,2015,Alameda,0,0,0,0,Tesla Fire
52,2015,Santa Barbara,0,0,0,0,White Fire
50,2015,Ventura,0,0,0,0,Potrero Fire
50,2015,Mendocino,0,0,0,0,Mendocino Lightning Fires
45,2015,Kern,0,0,0,0,Antelope Fire
45,2015,Alameda,0,0,0,0,Geary Fire
45,2015,Fresno,0,0,0,0,FKU Lightning Fires
43,2015,Modoc,0,0,0,0,Mason Fire 
42,2015,Santa Clara,0,0,0,0,Highway Fire
40,2015,Lassen,0,0,0,0,Center Fire
40,2015,Stanislaus,0,0,0,0,Sullivan Fire
40,2015,Solano,0,0,0,0,Ascot Fire
38,2015,Napa,0,0,0,0,Chiles Fire
36,2015,Napa,0,0,0,0,Garage Fire
35,2015,Trinity,0,0,0,0,Browns Fire
35,2015,El Dorado,0,0,0,0,Ranch Fire
35,2015,Mendocino,0,0,0,0,Covelo Fire
30,2015,Nevada,0,0,0,0,McCourtney Fire
30,2015,Lassen,0,0,0,0,Kramer Fire 
30,2015,Yuba,0,0,0,0,Francis Fire
29,2015,Ventura,0,0,0,0,Banister Fire
26,2015,Placer,0,0,0,0,Baxter Fire
25,2015,San Diego,0,0,0,0,Park Fire
25,2015,San Benito,0,0,0,0,Betabel Fire
25,2015,San Diego,0,0,0,0,Lake Fire
25,2015,El Dorado,0,0,0,0,Buckaroo Fire
25,2015,Mariposa,0,0,0,0,Fox Fire
25,2015,Lake,0,0,0,0,Oasis Fire
25,2015,Riverside,0,0,0,0,Snow Fire
24,2015,Siskiyou,0,0,0,0,Dorris Fire
23,2015,Mendocino,0,0,0,0,Soda Fire
22,2015,Lake,0,0,0,0,Grade Fire
21,2015,Santa Barbara,0,0,0,0,Gibraltar Fire
21,2015,Riverside,0,0,0,0,Spider Fire
20,2015,Humboldt,0,0,0,0,Bald Fire
19,2015,Napa,0,0,0,0,Pleasure Fire
18,2015,Shasta,0,1,0,0,Keswick Fire
16,2015,Humboldt,0,0,0,0,Buck Fire
0,2015,Trinity,0,0,0,0,Mad River Complex
0,2015,Alpine,0,0,0,0,Washington Fire
132127,2016,Monterey,0,0,0,0,Soberanes Fire
48019,2016,Kern,0,0,0,0,Erskine Fire
46344,2016,San Luis Obispo,0,1,8,70,Chimney Fire
36274,2016,San Bernardino,0,0,3,321,Blue Cut Fire
33867,2016,Siskiyou,0,0,0,0,Gap Fire
32606,2016,Santa Barbara,0,0,0,0,Rey Fire 
29322,2016,Kern,0,0,0,0,Cedar Fire
12518,2016,Santa Barbara,0,0,0,0,Canyon Fire
8110,2016,San Bernardino,0,1,0,0,Pilot Fire
7609,2016,San Diego,0,0,0,16,Border Fire
7474,2016,Santa Barbara,0,0,0,0,Sherpa Fire
7050,2016,Fresno,0,0,0,2,Mineral Fire
5731,2016,Yolo,0,0,0,2,Cold Fire
5646,2016,El Dorado,0,3,0,0,Trailhead Fire
5646,2016,Placer,0,3,0,0,Trailhead Fire
5443,2016,Inyo,0,0,0,0,Owens River Fire
5399,2016,Los Angeles,0,0,0,0,San Gabriel Complex (Formerly Fish & Reservoir Fires)
4824,2016,Los Angeles,0,0,0,0,Marek Fire
4474,2016,Santa Clara,0,0,1,28,Loma Fire
4347,2016,Tulare,0,0,0,0,Meadow Fire
3929,2016,Lake,0,0,28,300,Clayton Fire
3876,2016,Monterey,0,1,0,0,Metz Fire
3712,2016,San Luis Obispo,0,0,0,0,Roberts Fire
2944,2016,Fresno,0,0,0,0,Curry Fire
2860,2016,Siskiyou,0,0,0,0,Pony Fire
2819,2016,Mono,0,0,0,0,Clark Fire
2652,2016,Modoc,0,0,0,0,Soup Complex
2575,2016,Lassen,0,1,0,7,Willard Fire
2520,2016,Monterey,0,0,0,0,Coleman Fire
2304,2016,Ventura,0,0,0,0,Pine Fire
2241,2016,Fresno,0,0,5,4,Goose Fire
2100,2016,Fresno,0,0,0,0,Sacata Fire
1785,2016,Kern,0,3,0,0,Deer Fire
1547,2016,Sonoma,0,2,0,0,Sawmill Fire
1470,2016,Riverside,0,1,0,1,Bogart Fire
1246,2016,Merced,0,0,0,0,Dinosaur Fire
1245,2016,San Diego,0,0,0,0,Roblar Fire
1109,2016,Los Angeles,0,0,0,0,Sage Fire
1080,2016,Tuolumne,0,0,0,0,Marshes Fire
850,2016,Butte,0,3,0,3,Saddle Fire
710,2016,Siskiyou,0,0,1,5,Grade Fire
650,2016,Mono,0,0,0,0,Marina Fire
599,2016,Humboldt,0,0,0,3,Tully Fire
554,2016,Kern,0,0,0,0,Fort Fire
550,2016,Butte,0,0,0,0,99 Fire
518,2016,Kern,0,0,0,0,Range Fire
464,2016,Tehama,0,0,0,0,Colyear Fire
450,2016,Calaveras,0,0,0,0,Willow Fire
441,2016,Shasta,0,1,0,1,Fiddler Fire
400,2016,Yuba,0,0,0,0,Beale Fire
395,2016,Tulare,0,0,0,0,Tule Fire
380,2016,Modoc,0,0,0,0,Howard Fire
372,2016,Amador,0,0,0,0,Rancho Fire
360,2016,Tehama,0,0,0,0,Hog Fire
341,2016,Calaveras,0,0,0,0,Pacheco Fire
310,2016,Calaveras,0,0,0,0,Appaloosa Fire
306,2016,Kern,0,0,0,0,Flat Fire
304,2016,Kern,0,0,0,0,Havilah Fire
300,2016,Sutter,0,0,0,0,Butte Fire
278,2016,Fresno,0,0,0,0,DeWolf Fire
277,2016,Yolo,0,0,0,0,Creek Fire
248,2016,Plumas,0,0,0,0,Tobin Fire
237,2016,San Benito,0,0,0,2,King Fire 
221,2016,Kern,0,0,0,0,Onyx Fire
215,2016,Santa Barbara,0,0,0,0,Washington Fire
215,2016,Lake,0,0,0,0,Reservoir Fire
211,2016,Alameda,0,0,0,0,Grant Fire
210,2016,Amador,0,0,0,0,Camanche Fire
188,2016,Fresno,0,0,0,0,Big Fire
176,2016,El Dorado,0,0,0,0,Emerald Fire
173,2016,Riverside,0,0,0,0,Briggs Fire
169,2016,Placer,0,0,0,0,Athens Fire
158,2016,Fresno,0,0,0,0,Sunny Fire
156,2016,Los Angeles,0,0,0,0,Wheatland Fire
151,2016,Fresno,0,0,0,0,Hills Fire
150,2016,Del Norte,0,0,0,0,Old Fire
150,2016,Orange,0,0,0,0,Holy Fire
150,2016,San Luis Obispo,0,0,0,0,Shedd Fire
147,2016,San Joaquin,0,0,0,0,Bird Fire
145,2016,Fresno,0,0,0,0,Frame Fire
140,2016,Stanislaus,0,0,0,0,Maze Fire
139,2016,Riverside,0,1,0,0,Temecula Fire
138,2016,Kern,0,0,0,0,Famoso Fire
132,2016,Fresno,0,0,0,0,Avocado Fire
130,2016,Butte,0,0,0,0,Bangor Fire
123,2016,Fresno,0,0,0,0,Green Fire
122,2016,Mono,0,0,0,0,Rock Creek Fire
120,2016,Stanislaus,0,0,0,0,Coe Fire
114,2016,Santa Clara,0,0,0,0,Sierra Fire
112,2016,Butte,0,0,0,0,Coal Fire
103,2016,Madera,0,0,0,0,Broken Fire
100,2016,Shasta,0,0,0,0,Cow Fire
100,2016,Santa Clara,0,0,0,0,Bailey Fire
100,2016,Kern,0,0,0,0,Hart Fire
100,2016,Stanislaus,0,0,0,0,Diablo Fire
100,2016,Monterey,0,0,0,0,Bradley Fire
100,2016,San Diego,0,0,0,0,Feather Fire
95,2016,San Benito,0,0,0,0,Mercury Fire
91,2016,Butte,0,0,0,0,Dunstone Fire
88,2016,Butte,0,0,0,0,Santos Fire
88,2016,Tehama,0,0,0,0,Flores Fire
88,2016,Placer,0,0,0,0,Moore Fire
87,2016,Sacramento,0,0,0,0,Scott Fire
86,2016,San Luis Obispo,0,0,0,0,Frazier Fire
85,2016,Madera,0,0,0,0,Grub Fire
85,2016,Tuolumne,0,0,0,0,Tulloch Fire
84,2016,Yolo,0,0,0,0,Dunnigan Fire
83,2016,Calaveras,0,1,1,2,Cheyenne Fire
83,2016,San Benito,0,0,0,0,Old Fire
80,2016,Tehama,0,0,0,0,Baker Fire
80,2016,Madera,0,0,0,0,Serpa Fire
80,2016,Tehama,0,0,0,0,Hoag Fire
78,2016,Ventura,0,0,0,0,Sherwood Fire
75,2016,Shasta,0,0,0,0,Lake Fire
70,2016,Fresno,0,0,0,0,Newmark Fire
70,2016,Monterey,0,0,0,0,Arroyo Fire
70,2016,San Diego,0,3,0,7,Pala Fire
69,2016,Lake,0,0,0,0,Foothill Fire
65,2016,Napa,0,0,0,0,Creek Fire
61,2016,Kern,0,0,0,0,Cotton Fire
57,2016,Solano,0,0,0,0,Oak Fire
57,2016,Calaveras,0,0,0,0,Baker Fire
56,2016,Siskiyou,0,0,0,0,Mill Fire
52,2016,Monterey,0,0,0,0,Lowe Fire
50,2016,Mendocino,0,0,0,0,Ruff Fire 
50,2016,San Bernardino,0,0,0,0,Spring Fire
50,2016,El Dorado,0,0,0,0,Storksbill Fire
50,2016,Ventura,0,0,0,0,Casitas Fire
49,2016,Butte,0,0,0,0,70 Fire
47,2016,Nevada,0,0,0,0,Auburn Fire
47,2016,Orange,0,0,0,0,Laguna Fire
45,2016,Amador,0,0,0,0,Bell Fire
45,2016,Lake,0,0,0,0,Kugelman Fire
45,2016,Ventura,0,0,0,0,Kuehner Fire
43,2016,Tehama,0,0,0,0,Paskenta Fire
43,2016,Kern,0,0,0,0,Walker Fire
42,2016,Lassen,0,0,0,0,Dockery Fire
40,2016,Sacramento,0,0,0,0,Boys Fire
40,2016,Riverside,0,0,0,0,Evergreen Fire
40,2016,Contra Costa,0,0,0,0,Franklin Fire
38,2016,Nevada,0,0,0,0,Phoenix Fire
38,2016,Madera,0,0,0,0,Fork Fire
36,2016,Mendocino,0,0,0,0,Mina Fire
36,2016,Lake,0,0,0,0,Knoxville Fire
35,2016,San Diego,0,0,0,0,Gopher Fire
35,2016,Shasta,0,0,0,0,Mountain Fire
35,2016,Butte,0,0,0,0,Neal Fire
35,2016,Calaveras,0,0,0,0,Stagecoach Fire
33,2016,Calaveras,0,0,0,0,Campo Fire
32,2016,Siskiyou,0,0,0,0,Moffett Fire
32,2016,Tuolumne,0,0,0,0,Frymire Fire
32,2016,Sacramento,0,0,0,0,Clay Fire
30,2016,Butte,0,0,0,0,Old Fire
30,2016,Inyo,0,0,0,0,Lone Pine Fire
30,2016,San Benito,0,0,0,0,Hidden Fire
30,2016,Butte,0,0,0,0,70 Fire
30,2016,Merced,0,0,0,0,Taglio Fire
28,2016,San Diego,0,0,0,0,Gopher Fire
28,2016,San Diego,0,0,0,0,Rock Fire
26,2016,Amador,0,0,0,0,Deer Fire
26,2016,Siskiyou,0,0,0,0,Bailey Fire
25,2016,Santa Clara,0,0,0,0,Oak Fire
25,2016,Santa Clara,0,0,0,0,Oak Fire
25,2016,El Dorado,0,0,0,0,Alder Fire
25,2016,Lake,0,0,0,0,North Branch Extension Fire
25,2016,El Dorado,0,0,0,0,Aukum Fire
25,2016,Monterey,0,0,0,0,Bryson Fire
24,2016,Shasta,0,0,0,0,Keswick Fire
23,2016,Humboldt,0,0,0,0,Stafford Fire
23,2016,Siskiyou,0,0,0,0,Table Fire
21,2016,Humboldt,0,0,0,0,Summit Fire
20,2016,San Bernardino,0,0,0,0,Ken Fire
20,2016,Lake,0,0,0,0,Mockingbird Fire
20,2016,Ventura,0,0,0,0,Edison Fire
19,2016,Amador,0,0,0,0,Willow Fire
15,2016,Ventura,0,0,0,0,Shelter Fire
11,2016,Tehama,0,0,0,0,Collier Fire
11,2016,Shasta,0,0,0,0,Fiddler Fire
10,2016,Tulare,0,0,0,0,Jacobson Fire
0,2016,Alpine,0,0,0,0,Mokelumne Fire
0,2016,Los Angeles,0,0,0,0,Sand Fire
0,2016,San Luis Obispo,0,0,0,0,Soda Fire
0,2016,Los Angeles,0,0,0,0,Old Fire
0,2016,Tulare,0,0,0,0,Chimney Fire
0,2016,Los Angeles,0,0,0,0,Gorman Fire
281893,2017,Santa Barbara,0,0,280,1063,Thomas Fire
281893,2017,Ventura,0,0,280,1063,Thomas Fire
83733,2017,Lassen,0,0,0,0,Long Valley Fire
83120,2017,Modoc,0,0,0,0,Modoc July Complex
81826,2017,Mariposa,0,0,21,131,Detwiler Fire
78698,2017,Siskiyou,0,0,0,0,Eclipse Complex
56556,2017,Napa,3,0,172,1355,Nuns / Adobe / Norrbom/ Pressley / Partrick Fires / Oakmont (Central LNU Complex)
56556,2017,Sonoma,3,0,172,1355,Nuns / Adobe / Norrbom/ Pressley / Partrick Fires / Oakmont (Central LNU Complex)
51624,2017,Napa,6,0,783,120,Atlas Fire (Southern LNU Complex)
51624,2017,Solano,6,0,783,120,Atlas Fire (Southern LNU Complex)
48889,2017,Kings,0,0,0,1,Garza Fire
39715,2017,Siskiyou,0,0,0,0,Miller Complex
36807,2017,Napa,22,0,317,5636,Tubbs Fire (Central LNU Complex)
36807,2017,Sonoma,22,0,317,5636,Tubbs Fire (Central LNU Complex)
36556,2017,Tulare,0,5,0,2,Pier Fire
36523,2017,Mendocino,9,1,44,546,Redwood Valley Fire (Mendocino Lake Complex)
28687,2017,San Luis Obispo,0,0,1,0,Alamo Fire
27276,2017,Siskiyou,0,0,0,0,Orleans Complex
21846,2017,Trinity,0,0,0,0,Helena - Fork Fire
18900,2017,Tulare,0,0,0,0,Lion Fire
18618,2017,Lassen,0,0,0,0,R-4 Fire
18430,2017,Santa Barbara,0,0,0,0,Whittier Fire
17357,2017,Sonoma,0,0,2,6,Pocket Fire (Central LNU Complex)
16031,2017,Tulare,0,0,0,0,Schaeffer Fire
15619,2017,Los Angeles,0,0,26,37,Creek Fire
13417,2017,Trinity,0,0,0,0,Buck Fire
12407,2017,Madera,0,0,0,0,Railroad Fire
10343,2017,Fresno,0,0,0,0,Elm Fire
9989,2017,Yuba,4,0,10,264,Cascade Fire (Wind Complex)
9217,2017,Orange,0,4,55,25,Canyon 2 Fire
8925,2017,Mono,0,0,0,0,Slinkard Fire
8417,2017,Butte,0,0,1,6,Cherokee Fire
8094,2017,Mariposa,0,0,0,0,Empire Fire
7697,2017,Modoc,0,0,0,0,Parker 2 Fire
7194,2017,Los Angeles,0,0,0,0,La Tuna Fire 
7000,2017,Mariposa,0,0,0,0,South Fork Fire
6309,2017,Riverside,0,0,0,0,Manzanita Fire
6151,2017,Butte,0,0,2,74,LaPorte Fire (Wind Complex)
6049,2017,Los Angeles,0,0,3,6,Rye Fire
6042,2017,Lassen,0,0,0,0,Mud Fire
6033,2017,Butte,0,0,60,41,Wall Fire
5738,2017,Fresno,0,0,0,0,Jayne Fire
5247,2017,Stanislaus,0,0,0,0,Summit Complex
4736,2017,Trinity,0,0,0,0,Ruth Complex
4310,2017,Plumas,0,0,0,0,Minerva Fire
4100,2017,San Diego,0,0,64,157,Lilac Fire
4016,2017,Butte,0,2,0,54,Ponderosa Fire
3874,2017,Riverside,0,0,0,0,Palmer Fire
3142,2017,Siskiyou,0,0,0,0,Young Fire
2940,2017,Kern,0,0,0,0,Hawk Fire
2662,2017,Orange,0,0,0,0,Canyon Fire
2575,2017,Plumas,0,0,0,0,Eureka Fire
2312,2017,Kings,0,0,0,0,I-5 Fire
2295,2017,Tulare,0,0,0,0,Indian Fire
2289,2017,Tulare,0,0,0,0,Roadrunner Fire
2269,2017,Yolo,0,4,0,0,Winters Fire
2207,2017,Lake,0,0,8,162,Sulphur Fire (Mendocino Lake Complex)
2056,2017,San Diego,0,0,0,0,Gate Fire
1868,2017,Sonoma,0,0,0,0,Adobe Fire (Central LNU Complex)
1816,2017,Monterey,0,0,0,0,Parkfield Fire
1816,2017,San Luis Obispo,0,0,0,0,Parkfield Fire
1800,2017,Merced,0,0,0,0,Wright Fire
1749,2017,Stanislaus,0,0,0,0,Creek Fire
1660,2017,Sonoma,0,0,0,0,37 Fire
1649,2017,Fresno,0,0,0,0,Park Fire
1626,2017,Kern,0,0,0,0,Quail Fire
1598,2017,San Luis Obispo,0,0,0,4,Hill Fire
1538,2017,Fresno,0,0,0,0,Derrick Fire
1522,2017,Kern,0,0,0,0,Highway Fire
1503,2017,San Bernardino,0,0,0,0,Holcomb Fire
1431,2017,Madera,0,0,0,0,Oakwood Fire
1350,2017,Kern,0,0,0,0,Garden Fire
1350,2017,Riverside,0,0,0,0,Opera Fire
1319,2017,Kern,0,0,0,0,Caldwell Fire
1286,2017,Sacramento,0,0,0,0,Latrobe Fire
1200,2017,Kern,0,0,0,0,Tarina Fire 
1088,2017,San Diego,0,0,0,0,Buffalo Fire
1083,2017,Kern,0,0,0,0,Hudson Fire
1044,2017,Riverside,0,0,0,0,Blaine Fire
1035,2017,Madera,0,0,0,4,Mission Fire
1020,2017,Plumas,0,0,0,0,Chilcoot Fire
1000,2017,San Diego,0,0,0,0,Range Fire
995,2017,Shasta,0,3,0,0,Berry Fire
976,2017,Fresno,0,0,0,0,El Dorado Fire
900,2017,Mendocino,0,1,0,0,Grade Fire
867,2017,Yuba,0,0,0,0,Beale Fire
866,2017,Riverside,0,0,0,0,Wildomar Fire
859,2017,Lassen,0,0,0,0,Poslin Fire
821,2017,Nevada,0,0,2,48,Lobo Fire (Wind Complex)
800,2017,Los Angeles,0,0,0,0,Lake Fire
775,2017,San Luis Obispo,0,0,0,0,Yankee Fire
760,2017,Los Angeles,0,0,0,0,Placerita Fire
747,2017,Sierra,0,0,0,0,Farad Fire
690,2017,Tuolumne,0,0,0,0,Jacksonville Fire
680,2017,Mariposa,0,0,0,2,Peak Fire
670,2017,San Bernardino,0,0,0,0,Mart Fire
630,2017,Mariposa,0,0,0,0,Ben Fire
562,2017,Modoc,0,0,0,0,Battle Fire
545,2017,Riverside,0,0,0,0,Mias Fire
530,2017,Lassen,0,0,0,0,W-2 Fire
506,2017,Kern,0,0,0,0,Ming Fire
486,2017,San Diego,0,0,0,0,Deluz Fire
469,2017,Siskiyou,0,0,0,0,Fay Fire
460,2017,San Luis Obispo,0,0,0,0,Red Fire
460,2017,San Bernardino,0,0,0,0,Bridge Fire
450,2017,Fresno,0,0,0,0,Monterey Fire
444,2017,Santa Barbara,0,0,0,0,Rucker Fire
429,2017,Madera,0,0,0,0,Eastman Fire
426,2017,El Dorado,0,0,0,0,Table Fire
422,2017,Los Angeles,0,0,0,0,Skirball Fire
416,2017,Tulare,0,0,0,0,Elephant Fire
410,2017,Modoc,0,0,0,0,Dode Fire
400,2017,San Diego,0,0,0,0,Jennings Fire
400,2017,Fresno,0,0,0,0,Sonoma Fire
392,2017,Nevada,0,1,1,0,Pleasant Fire
391,2017,Santa Cruz,0,1,0,6,Bear Fire
380,2017,Modoc,0,0,0,0,West Fire
370,2017,Mono,0,0,0,0,Chris Fire
370,2017,Contra Costa,0,0,0,0,Willow Fire
357,2017,Fresno,0,0,0,0,Creek Fire
340,2017,San Luis Obispo,0,0,0,0,Stone Fire
339,2017,Tulare,0,4,0,0,Dinely Fire
338,2017,Kern,0,0,0,0,Rose Fire
325,2017,San Bernardino,0,0,0,0,Bryant Fire
319,2017,Del Norte,0,0,0,0,Marble Fire
300,2017,Riverside,0,0,0,0,Liberty Fire
288,2017,Kern,0,0,0,0,Bravo Fire
260,2017,San Bernardino,0,0,0,0,Little Mountain Fire
255,2017,San Diego,0,0,0,0,Lost Fire
245,2017,San Luis Obispo,0,0,0,0,Huasna Fire
237,2017,Fresno,0,0,0,0,Murphy Fire
236,2017,El Dorado,0,0,0,0,Largo Fire
231,2017,Contra Costa,0,0,0,0,Deer Complex
225,2017,Mariposa,0,0,1,0,Spring Fire
225,2017,San Luis Obispo,0,0,0,0,Camp Fire
225,2017,San Luis Obispo,0,0,0,0,Arrow Fire
206,2017,Kern,0,0,0,0,Bodfish Fire
205,2017,Riverside,0,0,0,0,Eagle Fire
200,2017,Lake,0,0,0,0,Skeleton Fire
200,2017,Alameda,0,0,0,0,Range Fire
200,2017,San Diego,0,0,0,0,Eclipse Fire
200,2017,Riverside,0,0,0,0,Rose Fire
194,2017,Tehama,0,0,0,0,Tehama Fire
190,2017,Santa Barbara,0,0,0,0,Wasioja Fire
186,2017,Plumas,0,0,0,0,Toll Fire
186,2017,Fresno,0,0,0,0,Wild Fire
184,2017,Kern,0,0,0,0,Rolling Fire
183,2017,Kern,0,0,0,0,Quarry Fire
180,2017,Shasta,0,0,0,5,Laverne Fire
170,2017,San Bernardino,0,0,0,0,High Fire
168,2017,Riverside,0,0,0,0,Hills Fire
168,2017,Sierra,0,0,0,0,Evans Fire
166,2017,Butte,0,0,0,0,Honcut Fire
157,2017,Lassen,0,0,0,0,Peg Fire
157,2017,Madera,0,0,0,0,26 Fire
155,2017,Alameda,0,0,0,0,Corral Fire
155,2017,Siskiyou,0,0,0,0,Hill Fire
153,2017,Riverside,0,0,0,0,Smiley Fire
150,2017,Butte,0,0,0,0,Honey Fire
150,2017,San Luis Obispo,0,0,0,0,Olive Fire
150,2017,San Luis Obispo,0,0,0,0,Lucy Fire
150,2017,Madera,0,0,0,0,41 Fire
150,2017,San Bernardino,0,0,0,0,Tower Fire
148,2017,Trinity,0,0,0,0,River Fire
146,2017,Mendocino,0,3,0,0,Grape Fire
143,2017,Butte,0,0,0,0,Soda Fire
140,2017,El Dorado,0,0,0,0,Ranch Fire
136,2017,El Dorado,0,0,0,0,French Fire
135,2017,Los Angeles,0,0,0,0,Gorman Fire
135,2017,Tulare,0,2,0,0,King Fire
134,2017,Butte,0,0,0,0,Skyway Fire
130,2017,Calaveras,0,0,0,4,Point Fire
130,2017,San Diego,0,0,0,0,Border Fire
130,2017,San Luis Obispo,0,0,0,0,Olive Fire
128,2017,Shasta,0,0,0,0,Oak Fire
126,2017,Fresno,0,0,0,0,Tumey Fire
125,2017,Mariposa,0,0,0,0,Coronado Fire
124,2017,Tuolumne,0,0,0,0,Twist Fire
122,2017,Riverside,0,0,0,0,Stewart Fire
120,2017,San Luis Obispo,0,0,0,0,Margarita Fire
120,2017,Riverside,0,0,0,0,Lamb Fire
117,2017,Calaveras,0,0,0,0,Maria Fire
116,2017,Alameda,0,0,0,0,Fallon Fire
114,2017,Napa,0,0,0,0,Canyon Fire
111,2017,Fresno,0,0,0,0,Flat Fire
111,2017,Butte,0,0,0,0,Lone Fire
105,2017,San Luis Obispo,0,0,0,0,Poly Fire
105,2017,Riverside,0,0,0,0,Canyon Fire
103,2017,Butte,0,0,0,0,Humboldt Fire
102,2017,Fresno,0,0,0,0,Coalinga Fire
101,2017,Santa Clara,0,0,0,0,Lariat Fire
100,2017,San Diego,0,0,0,0,Church Fire
100,2017,Sonoma,0,0,0,0,Oakmont Fire (Central LNU Complex)
100,2017,Lake,0,0,0,0,Long Fire
100,2017,Solano,0,0,0,0,Timm Fire
100,2017,Santa Clara,0,0,0,0,Bally Fire
100,2017,Fresno,0,0,0,0,Parkfield Fire
100,2017,Santa Clara,0,0,0,0,Tilton Fire
100,2017,San Bernardino,0,0,0,0,Mile Fire
99,2017,San Bernardino,0,0,0,0,Oak Fire
92,2017,Riverside,0,0,0,0,Reed Fire
91,2017,Fresno,0,0,0,5,Auberry Fire
91,2017,Butte,0,0,0,0,Wilbur Fire
90,2017,Madera,0,0,0,0,Daulton Fire
87,2017,Lake,0,0,0,0,Ridge Fire
86,2017,Ventura,0,0,0,0,Vista Fire
85,2017,Riverside,0,0,0,0,Marlborough Fire
85,2017,Humboldt,0,0,0,0,Saw Fire
85,2017,San Bernardino,0,0,0,0,Dollar Fire
85,2017,Santa Clara,0,0,0,0,Ranch Fire
82,2017,Monterey,0,0,0,0,Country Fire
81,2017,San Diego,0,0,0,0,Loma Fire
80,2017,El Dorado,0,0,0,0,Holiday Fire
79,2017,Plumas,0,0,0,0,Mills File
79,2017,Tulare,0,0,0,0,Fountain Fire 
78,2017,Santa Clara,0,0,0,0,Castro Fire
78,2017,Tehama,0,0,0,0,Spring Fire 
76,2017,Nevada,0,0,2,13,McCourtney Fire (Wind Complex)
76,2017,Fresno,0,0,0,0,Tivy Fire
74,2017,San Luis Obispo,0,0,0,0,Linne Fire
74,2017,El Dorado,0,0,0,0,Axel Fire
74,2017,San Bernardino,0,0,0,0,Bryant Fire
73,2017,San Luis Obispo,0,0,0,0,Lynch Fire
72,2017,Riverside,0,0,0,0,Ellis Fire
70,2017,San Luis Obispo,0,0,0,0,Camatta Fire
70,2017,Colusa,0,0,0,0,Sand Fire
70,2017,Santa Clara,0,0,0,0,Felipe Fire
70,2017,Fresno,0,0,0,0,Manning Fire
69,2017,Fresno,0,0,0,0,Hill Fire
68,2017,Sacramento,0,0,0,0,Clay Fire
67,2017,Lassen,0,0,0,0,River Fire
65,2017,Stanislaus,0,0,0,0,Orange Fire
63,2017,Riverside,0,0,0,0,Placentia Fire
63,2017,Mariposa,0,0,0,0,Westfall Fire
62,2017,San Diego,0,0,0,0,Montezuma Fire
62,2017,Lake,0,0,0,0,Bottle Fire
62,2017,Stanislaus,0,0,0,0,Lake Fire
60,2017,Tehama,0,0,0,0,Bolla Fire
59,2017,Tulare,0,0,0,0,Fox Fire
59,2017,Calaveras,0,0,0,0,Quail Fire
58,2017,Fresno,0,0,0,3,Silver Fire
58,2017,Lake,0,0,0,0,Slides Fire
58,2017,Tulare,0,0,0,0,Hogback Fire
58,2017,San Luis Obispo,0,0,0,0,Tower Fire
57,2017,Tehama,0,0,0,0,Live Fire
57,2017,Fresno,0,0,0,0,Freedom Fire
56,2017,Siskiyou,0,0,0,0,Bogus Fire
55,2017,Solano,0,0,1,2,Estate Fire
55,2017,Siskiyou,0,0,0,0,Owens Fire
55,2017,Los Angeles,0,0,0,0,Topanga Fire
54,2017,Siskiyou,0,0,0,0,Bradley Fire
54,2017,Siskiyou,0,0,0,0,Bradley Fire
54,2017,Santa Clara,0,0,0,0,Quimby Fire
51,2017,Santa Clara,0,0,0,0,Weller Fire
50,2017,Kern,0,0,0,0,Tank Fire
50,2017,Riverside,0,0,0,0,Extension Fire
50,2017,Los Angeles,0,0,0,0,Wilson Fire
50,2017,San Mateo,0,0,0,0,Skeggs Fire
50,2017,Kern,0,0,0,0,Calgary Fire
50,2017,Santa Barbara,0,0,0,0,Mesa Fire
50,2017,Yuba,0,0,0,0,West Fire
50,2017,Ventura,0,0,0,0,Grade Fire
50,2017,Riverside,0,0,0,0,Lago Fire
50,2017,San Diego,0,0,0,0,Douglas Fire
48,2017,Madera,0,0,0,0,Power Fire
48,2017,Riverside,0,0,0,0,Serenas Fire
47,2017,San Benito,0,0,0,0,Bitterwater Fire
47,2017,San Luis Obispo,0,0,0,0,Zenon Fire
46,2017,Riverside,0,0,0,0,Canyon Fire
46,2017,San Bernardino,0,0,0,0,Hidden Fire
46,2017,Siskiyou,0,0,0,0,Whitepine Fire
45,2017,Riverside,0,0,0,0,Riverbottom Fire
45,2017,San Luis Obispo,0,0,0,0,Pozo Fire
45,2017,Shasta,0,0,0,0,Grace Fire
44,2017,Alameda,0,0,0,0,Mines Fire
43,2017,Tehama,0,0,0,0,Roser Fire
43,2017,Monterey,0,0,0,0,Pine Fire
42,2017,Monterey,0,0,0,0,Lockwood Fire
42,2017,Tehama,0,0,0,0,Paskenta Fire
42,2017,Modoc,0,0,0,0,Jones Fire
41,2017,Siskiyou,0,0,0,0,Ward Fire
41,2017,Los Angeles,0,0,0,0,Stokes Fire
41,2017,Kern,0,0,0,0,Feed Fire
40,2017,Riverside,0,0,0,0,Riverdale Fire
40,2017,Riverside,0,0,0,0,Palm Fire
40,2017,San Bernardino,0,0,0,0,Freeway Fire
40,2017,Shasta,0,0,0,0,Jones Fire
40,2017,Kern,0,0,0,0,Lakewood Fire
40,2017,Del Norte,0,0,0,0,Hole Fire
40,2017,Humboldt,0,0,0,0,Translator Fire
40,2017,Tehama,0,0,0,0,Vestal Fire
40,2017,Lake,0,0,0,0,Murphy Fire
40,2017,Monterey,0,0,0,0,Reservation Fire
39,2017,Tuolumne,0,0,0,0,Table Fire
39,2017,Yuba,0,0,0,5,Spenceville Fire
39,2017,Solano,0,0,0,0,Toll Fire
38,2017,Marin,0,0,0,0,Pine Fire
38,2017,Tuolumne,0,0,0,0,Red Fire
37,2017,Shasta,0,0,0,0, Bridge Fire
36,2017,Mariposa,0,0,0,0,Banderilla Fire
36,2017,San Diego,0,0,0,0,Black Fire
35,2017,Riverside,0,0,0,0,Melba Fire
35,2017,Marin,0,0,0,0,Spaletta Fire
35,2017,Riverside,0,0,0,0,Jurupa Fire
35,2017,Sacramento,0,0,0,0,Latrobe Fire
35,2017,Kern,0,0,0,0,Breckenridge Fire
35,2017,Riverside,0,0,0,0,Smiley Fire
34,2017,San Bernardino,0,0,0,0,Meyers Fire
34,2017,Riverside,0,0,0,0,Ellie Fire
34,2017,Humboldt,0,0,0,0,Miller Fire
34,2017,San Benito,0,0,0,0,Valley Fire
33,2017,Riverside,0,0,0,0,Christmas Fire
33,2017,Riverside,0,0,0,0,Valley Fire
33,2017,Kern,0,0,0,0,Creek Fire 
32,2017,Trinity,0,0,0,0,Sandy Fire
32,2017,Trinity,0,0,0,0,Sandy Fire
32,2017,Riverside,0,0,0,0,Washington Fire
32,2017,Monterey,0,0,0,0,Shore Fire
32,2017,Monterey,0,0,0,0,Pleyto Fire
31,2017,Monterey,0,0,0,0,York Fire
31,2017,Fresno,0,0,0,0,Juniper Fire
31,2017,Kern,0,0,0,0,Hub Fire
30,2017,Los Angeles,0,0,0,0,Castaic Fire
30,2017,Humboldt,0,0,0,0,Blocksburg Fire
30,2017,Riverside,0,0,0,0,Timber Fire
29,2017,El Dorado,0,0,0,0,Ice Fire
29,2017,Tehama,0,0,0,0,Benson Fire
28,2017,Butte,0,0,0,0,32 Fire
28,2017,Modoc,0,0,0,0,4-4 Fire
28,2017,Del Norte,0,0,0,0,Shore Fire
28,2017,Riverside,0,0,0,0,Nuevo Fire
27,2017,Modoc,0,0,0,0,4-10 Fire
27,2017,Riverside,0,0,0,0,Vernon Fire
26,2017,Yuba,0,0,0,0,Jasper Fire
26,2017,Riverside,0,0,0,0,Trellis Fire
26,2017,Riverside,0,0,0,0,Fairview Fire
25,2017,San Diego,0,0,0,0,Wilson Fire
25,2017,San Luis Obispo,0,0,0,0,Cove Fire
25,2017,San Diego,0,0,0,0,Border 9 Fire
25,2017,Shasta,0,0,0,0,Hopper Fire
25,2017,San Diego,0,0,0,0,Sloane Fire
25,2017,Madera,0,0,0,0,Road Fire
25,2017,Los Angeles,0,0,0,0,5 Fire
25,2017,San Diego,0,0,0,0,Ribbonwood Fire
23,2017,Riverside,0,0,0,0,Portola Fire
22,2017,Alameda,0,0,0,0,Edwards Fire
22,2017,Calaveras,0,0,0,0,Gold Fire
22,2017,Napa,0,0,0,0,Refuge Fire
21,2017,San Luis Obispo,0,0,0,0,Soda Fire
21,2017,Lake,0,0,0,0,Mule Fire
21,2017,Tulare,0,0,0,0,Globe Fire
21,2017,Butte,0,0,0,0,Highway Fire
21,2017,Shasta,0,0,0,0,Platina Fire
21,2017,San Benito,0,0,0,0,Bitterwater Fire
20,2017,Humboldt,0,0,0,0,Blue Fire
20,2017,Sonoma,0,0,0,0,Fort Fire
20,2017,Tehama,0,0,0,0,36 Fire
20,2017,Tuolumne,0,0,0,0,Falls Fire
20,2017,San Bernardino,0,0,0,0,Seine Fire
20,2017,Mendocino,0,0,0,0,Range Fire
20,2017,Riverside,0,0,0,0,Reed Fire
20,2017,Contra Costa,0,0,0,0,Fish Fire
20,2017,Kings,0,0,0,0,City Fire
20,2017,Monterey,0,0,0,0,Nacimiento Fire
19,2017,Riverside,0,0,0,0,Longhorn Fire
19,2017,Nevada,0,0,0,0,Garden Fire
19,2017,Riverside,0,0,0,0,Nuevo Fire
19,2017,Humboldt,0,0,0,0,Sway Fire
19,2017,Stanislaus,0,0,0,0,Willms Fire
19,2017,Siskiyou,0,0,0,0,King Fire
19,2017,Kern,0,0,0,0,Fay Fire
18,2017,Sonoma,0,0,0,0,Bodega Fire
18,2017,Butte,0,0,0,0,Lakeland Fire
18,2017,Fresno,0,0,0,0,Panoche Fire
18,2017,Monterey,0,0,0,0,Pine Fire
17,2017,Mariposa,0,0,0,0,Ramblin Fire
17,2017,Shasta,0,0,0,0,Corner Fire
17,2017,Shasta,0,0,0,0,Sky Fire
17,2017,San Luis Obispo,0,0,0,0,Rocky Fire
17,2017,Monterey,0,0,0,0,Lonoak Fire
17,2017,Riverside,0,0,0,0,Canyon Fire
16,2017,Kern,0,0,0,0,Elk Fire
16,2017,San Bernardino,0,0,0,0,Matz Fire
16,2017,Fresno,0,0,0,0,Rusty Fire
15,2017,Tehama,0,0,0,0,Paskenta Fire 
15,2017,Nevada,0,0,0,0,Greenhorn Fire
15,2017,Modoc,0,0,0,0,Centerville Fire
15,2017,Monterey,0,0,0,0,Alvarado Fire
15,2017,Calaveras,0,0,0,0,Lombardi Fire
15,2017,Riverside,0,0,0,0,66 Fire
14,2017,Santa Barbara,0,0,0,0,Drum Fire
14,2017,Santa Barbara,0,0,0,0,Coast Fire
14,2017,Butte,0,0,0,0,Desabla Fire
14,2017,Monterey,0,0,0,0,Hog Fire
14,2017,Riverside,0,0,0,0,Moraga Fire
13,2017,Stanislaus,0,0,0,0,Milton Fire
13,2017,El Dorado,0,0,0,0,Woodland Fire
13,2017,El Dorado,0,0,0,0,Rosado Fire
13,2017,San Bernardino,0,0,0,0,Silver Fire
12,2017,Butte,0,0,0,0,Pacific Fire
12,2017,San Diego,0,0,0,0,Dehesa Fire
12,2017,San Luis Obispo,0,0,0,0,Shandon Fire
12,2017,Riverside,0,0,0,0,Jameson Fire
12,2017,Merced,0,0,0,0,Taglio Fire
11,2017,Sonoma,0,0,0,0,Independence Fire
11,2017,Riverside,0,0,0,0,Lisa Fire
10,2017,Tehama,0,0,0,0,Freeway Fire
10,2017,Mariposa,0,0,0,0,Dexter Fire
10,2017,Fresno,0,0,0,0,Shaver Fire
10,2017,Amador,0,0,0,0,Sandra Fire
10,2017,Los Angeles,0,0,0,0,Rincon Fire
10,2017,Nevada,0,0,0,0,Grizzly Fire
10,2017,Shasta,0,0,0,0,North Fire
10,2017,Riverside,0,0,0,0,Navajo Fire
10,2017,Butte,0,0,0,0,Rebie Fire
10,2017,Riverside,0,0,0,0,Canyon Fire
10,2017,Nevada,0,0,0,0,Brewer Fire
10,2017,Riverside,0,0,0,0,Lambs Fire
10,2017,Riverside,0,0,0,0,Springs Fire
10,2017,Kern,0,0,0,0,Pine Fire
10,2017,Riverside,0,0,0,0,Shirleon Fire 
10,2017,Yuba,0,0,0,0,Twenty Fire
10,2017,Kern,0,0,0,0,Champagne Fire
10,2017,Riverside,0,0,0,0,Moreno Fire
10,2017,Monterey,0,0,0,0,Soledad Fire
0,2017,Sonoma,0,0,0,0,Pressley Fire (Central LNU Complex)
0,2017,Napa,0,0,0,0,Partrick Fire (Central LNU Complex)
0,2017,Mariposa,0,0,0,0,Rattlesnake Fire
0,2017,Siskiyou,0,0,0,0,Clear Complex (merged into Eclipse Complex)
0,2017,Modoc,0,0,0,0,Warner Mountain Lightning
0,2017,Glenn,0,0,0,0,Creek Fire
0,2017,Lassen,0,0,0,0,Antelope Fire
0,2017,Siskiyou,0,0,0,0,Klamath Fire
0,2017,San Diego,0,0,0,0, Cristianitos Fire
0,2017,Siskiyou,0,0,0,0,Salmon-August Complex 
0,2017,Tulare,0,0,0,0,King Incident
0,2017,San Luis Obispo,0,0,0,0,Range Fire
0,2017,Butte,0,0,0,0,Oroville Spillway 
410203,2018,Colusa,1,3,0,246,Ranch Fire (Mendocino Complex)
410203,2018,Glenn,1,3,0,246,Ranch Fire (Mendocino Complex)
410203,2018,Lake,1,3,0,246,Ranch Fire (Mendocino Complex)
410203,2018,Mendocino,1,3,0,246,Ranch Fire (Mendocino Complex)
229651,2018,Shasta,3,0,61,1614,Carr Fire
229651,2018,Trinity,3,0,61,1614,Carr Fire
153336,2018,Butte,85,3,0,18804,Camp Fire
96949,2018,Los Angeles,3,0,341,1643,Woolsey Fire
96949,2018,Ventura,3,0,341,1643,Woolsey Fire
96901,2018,Mariposa,0,0,0,0,Ferguson Fire
90288,2018,Napa,0,1,0,29,County Fire
90288,2018,Yolo,0,1,0,29,County Fire
63311,2018,Shasta,0,0,0,42,Delta Fire
63311,2018,Trinity,0,0,0,42,Delta Fire
48920,2018,Colusa,0,0,0,35,River Fire (Mendocino Complex)
48920,2018,Lake,0,0,0,35,River Fire (Mendocino Complex)
48920,2018,Mendocino,0,0,0,35,River Fire (Mendocino Complex)
46150,2018,Shasta,0,0,0,0,Hirz Fire
39387,2018,Modoc,0,0,0,0,Stone Fire
38008,2018,Siskiyou,1,3,12,83,Klamathon Fire
36450,2018,Tuolumne,0,0,0,0,Donnell Fire
23136,2018,Orange,0,0,0,24,Holy Fire
18703,2018,Lassen,0,0,0,0,Whaleback Fire
15185,2018,Lake,0,1,0,22,Pawnee Fire
13139,2018,Riverside,0,0,0,12,Cranston Fire
12300,2018,San Joaquin,0,0,0,1,Waverly Fire
6974,2018,Mono,0,0,0,0,Boot Fire
4564,2018,Merced,0,0,0,0,Planada Fire
4531,2018,Ventura,0,0,4,4,Hill Fire
4500,2018,Solano,0,0,0,0,Branscombe Fire
4064,2018,Madera,0,0,0,0,Lions Fire
3889,2018,Tehama,0,0,0,0,Sun Fire
3716,2018,Tehama,0,1,0,0,Lane Fire
3674,2018,Humboldt,0,0,0,0,Mill Creek 1 Fire
3380,2018,Los Angeles,0,0,0,0,Charlie Fire
2995,2018,Kings,0,0,0,0,Five Fire
2956,2018,Tehama,0,0,0,5,Apple Fire
2950,2018,Kern,0,0,0,0,Tarina Fire
2883,2018,Inyo,0,0,0,0,Georges Fire
2490,2018,Napa,0,0,0,0,Snell Fire
2290,2018,Glenn,0,0,0,1,Chrome Fire
2225,2018,Monterey,0,0,0,0,Turkey Fire
2162,2018,Solano,0,0,0,1,Nelson Fire
2100,2018,Modoc,0,0,0,0,Eagle Fire
2070,2018,Inyo,0,0,0,0,Pleasant Fire
1900,2018,Shasta,0,0,0,0,Hat Fire
1756,2018,Merced,0,0,0,0,Nees Fire
1751,2018,Trinity,0,0,0,0,Kerlin Fire
1678,2018,Shasta,0,1,0,11,Creek Fire
1500,2018,Solano,0,0,0,0,Nurse Fire
1500,2018,San Luis Obispo,0,0,0,0,Yankee Fire
1352,2018,Los Angeles,0,0,0,0,Stone Fire
1350,2018,San Bernardino,0,0,0,0,Valley Fire
1314,2018,San Benito,0,0,0,0,Airline Fire
1265,2018,Inyo,0,0,0,0,Moffat Fire
1261,2018,Riverside,0,0,0,0,Patterson Fire
1200,2018,Sutter,0,0,0,0,Butte Fire
1120,2018,Placer,0,0,0,0,North Fire
1014,2018,Santa Barbara,0,0,0,0,Front Fire
993,2018,Kern,0,0,0,0,Breckenridge Fire
972,2018,Mendocino,0,0,0,0,Eel Fire
962,2018,Butte,0,0,0,0,Stoney Fire
856,2018,Tehama,0,0,0,0,Dale Fire
825,2018,Amador,0,0,0,1,Irish Fire
822,2018,Yolo,0,0,0,0,Eighty Eight Fire
700,2018,Placer,0,0,0,0,Sunset Fire
668,2018,Tulare,0,0,0,0,River Fire
650,2018,Monterey,0,0,0,0,Gulch Fire
646,2018,Lassen,0,0,0,0,Tumbleweed Fire
640,2018,Alameda,0,0,0,0,Grant Fire
573,2018,Tuolumne,0,0,0,0,Tulloch Fire
550,2018,Butte,0,0,0,0,June Fire
513,2018,San Benito,0,0,0,0,Eastern Fire
504,2018,San Diego,0,0,0,48,West Fire
484,2018,Alameda,0,0,0,1,Grant Fire
441,2018,Lassen,0,0,0,4,Hyatt Fire
400,2018,Monterey,0,0,0,0,Metz Fire
375,2018,Monterey,0,0,0,0,San Ardo
367,2018,Kern,0,0,0,0,Call Fire
365,2018,San Diego,0,0,0,0,Pasqual Fire
360,2018,Madera,0,0,0,0,Oak Fire
347,2018,Butte,0,0,0,0,Shippee Fire
338,2018,Inyo,0,0,0,0,Owens Fire
328,2018,Shasta,0,0,0,0,Bascom Fire
320,2018,Santa Clara,0,0,0,1,Country Fire
316,2018,El Dorado,0,0,0,0,Shingle Fire
300,2018,Trinity,0,0,0,0,Flat Fire
300,2018,Madera,0,0,0,0,ONeals Fire
300,2018,San Diego,0,0,0,0,Alpha Fire
293,2018,Kern,0,0,0,0,Twisselman Fire
290,2018,Calaveras,0,0,0,0,South Fire
289,2018,Madera,0,0,0,0,Eastman Fire
282,2018,Riverside,0,0,0,0,Skyline Fire
278,2018,San Benito,0,0,0,0,Panoche Fire
268,2018,Contra Costa,0,0,0,0,Valley Fire
268,2018,Tehama,0,0,0,24,Stoll Fire
265,2018,San Diego,0,1,0,0,Recycle Fire
261,2018,Tehama,0,0,0,0,Wilson Fire
260,2018,San Luis Obispo,0,0,0,0,Fox Fire
258,2018,Santa Barbara,0,0,0,0,Santa Cruz Fire
250,2018,San Diego,0,0,0,0,Rangeland Fire
247,2018,Contra Costa,0,1,0,1,Marsh Fire
224,2018,Siskiyou,0,0,0,0,Steamboat Fire
215,2018,Siskiyou,0,0,0,0,Petersburg Fire
215,2018,San Benito,0,0,0,0,Beaver Fire
207,2018,San Diego,0,0,0,0,Rock Fire
205,2018,Riverside,0,0,0,0,Ribbon Fire
200,2018,Kern,0,0,0,0,Water Fire
200,2018,Merced,0,0,0,0,Bear Fire
191,2018,Butte,0,0,0,0,Par Fire
186,2018,Ventura,0,0,0,0,Peak Fire
185,2018,Merced,0,0,0,0,Dinosaur Fire
175,2018,Los Angeles,0,0,0,0,South Fire
175,2018,Orange,0,0,0,0,Aliso Fire
172,2018,Santa Barbara,0,0,0,0,Ogilvy Fire
170,2018,Tehama,0,0,0,0,Sierra Fire
167,2018,Monterey,0,0,0,0,Priest Fire
167,2018,Lassen,0,1,0,0,Roxie Fire (Formerly 1-1 Fire)
166,2018,Los Angeles,0,0,0,0,Fork Fire
163,2018,Tuolumne,0,0,0,0,Flat Fire
160,2018,Solano,0,0,0,0,Winters Fire
155,2018,Shasta,0,0,0,0,Gorge Fire
155,2018,Orange,0,0,0,0,Santiago Fire
154,2018,Riverside,0,0,0,0,Euclid Fire
152,2018,Marin,0,0,0,0,Irving Fire
150,2018,Ventura,0,0,0,0,Briggs Fire
150,2018,Monterey,0,0,0,0,Nacimiento Fire
150,2018,El Dorado,0,0,0,0,Sliger Fire
147,2018,San Bernardino,0,0,0,0,Sierra Fire
136,2018,Calaveras,0,0,0,0,Parrots Fire
135,2018,Napa,0,0,4,8,Steele Fire
128,2018,Los Angeles,0,0,0,0,Pico Fire
127,2018,Glenn,0,0,0,0,Open Fire
127,2018,Siskiyou,0,0,0,0,Shastina Fire
125,2018,San Bernardino,0,0,0,0,Sterling
120,2018,Tulare,0,0,0,0,Market Fire
117,2018,Plumas,0,0,0,0,Murphy Fire
116,2018,San Benito,0,0,0,0,Idria Fire
116,2018,Santa Clara,0,0,0,0,Bridle Fire
115,2018,Mariposa,0,0,0,0,Wheeler Fire
114,2018,Kern,0,0,0,0,Pine Fire
113,2018,Santa Barbara,0,0,0,24,Holiday Fire
110,2018,Santa Barbara,0,0,0,0,Windmill Fire
108,2018,Fresno,0,0,0,0,Cobble Fire
106,2018,Mendocino,0,0,0,0,Western Fire
103,2018,Lake,0,0,0,0,Cache Fire
103,2018,Tehama,0,0,0,0,Jelly Fire
100,2018,San Diego,0,0,0,0,Cloverdale Fire
100,2018,Tulare,0,0,0,0,Balch Fire
100,2018,San Bernardino,0,0,0,0,Box Fire
100,2018,San Luis Obispo,0,0,0,0,Water Fire
96,2018,Monterey,0,0,0,0,Sam Fire
95,2018,Kern,0,0,0,0,Sheep Fire
90,2018,Mendocino,0,0,0,0,Peach Fire 
89,2018,Lassen,0,0,0,0,3-16 Fire
88,2018,Lassen,0,0,0,0,Horn Fire
88,2018,Madera,0,0,0,0,Redinger Fire
88,2018,Merced,0,0,0,0,Plaza Fire
80,2018,San Luis Obispo,0,0,0,0,Shandon Fire
80,2018,Lake,0,0,0,1,Spring 2 Fire
80,2018,Calaveras,0,0,0,2,Horse Fire
77,2018,Santa Barbara,0,0,0,0,Cruces Fire
76,2018,Shasta,0,0,0,1,Silver Fire
76,2018,Fresno,0,0,0,0,Anchor Fire
75,2018,Colusa,0,0,0,0,Stony Fire
75,2018,Glenn,0,0,0,0,Chrome Fire
73,2018,Riverside,0,0,0,0,Main Fire
70,2018,Santa Clara,0,0,0,0,Curie Fire
70,2018,Santa Clara,0,0,0,0,Tesla Fire
70,2018,Tehama,0,0,0,0,Spring Fire
70,2018,Riverside,0,0,0,0,Tornado Fire
68,2018,Merced,0,0,0,0,Romero Fire
67,2018,El Dorado,0,0,0,0,Bumper Fire
67,2018,Mendocino,0,0,0,0,Heart Fire
66,2018,El Dorado,0,0,3,1,Omega Fire
64,2018,San Benito,0,0,0,0,Panoche Fire
63,2018,Santa Clara,0,0,0,0,Park Fire
63,2018,Shasta,0,0,0,0,Highland Fire
63,2018,Riverside,0,0,0,0,Benton Fire
63,2018,Siskiyou,0,0,0,0,Cherry Fire
63,2018,Stanislaus,0,0,0,0,Stuhr Fire
62,2018,Kern,0,0,0,0,Lebec Fire
62,2018,Los Angeles,0,0,0,0,Canyon Fire
62,2018,San Joaquin,0,0,0,0,Liberty Fire
60,2018,Tehama,0,0,0,0,Adams Fire
60,2018,Lake,0,0,0,0,Grade Fire
60,2018,Madera,0,0,0,0,Raymond Fire
60,2018,San Luis Obispo,0,0,0,0,Creston FIre
60,2018,San Luis Obispo,0,0,0,0,Vista Fire
60,2018,Santa Barbara,0,0,0,0,Happy Fire
59,2018,San Diego,0,0,0,0,Agua Fire
58,2018,San Luis Obispo,0,0,0,0,Camino Fire
56,2018,Lassen,0,0,0,0,3-10 Fire
56,2018,Contra Costa,0,0,0,0,Bruce Fire
56,2018,Madera,0,0,0,0,Experimental Fire
53,2018,San Bernardino,0,0,0,0,Keenbrook Fire
53,2018,Lassen,0,0,0,0,Copper Fire
53,2018,Mariposa,0,0,0,1,Boyer Fire
52,2018,Modoc,0,0,0,0,Kelley Fire
51,2018,San Luis Obispo,0,0,0,0,Reservoir Fire
51,2018,Shasta,0,0,0,0,Crestline Fire
51,2018,Santa Clara,0,0,0,0,Hale Fire
50,2018,Lake,0,0,0,1,Carder Fire
50,2018,Tehama,0,0,0,0,Tuscan Fire
50,2018,Monterey,0,0,0,0,Haycamp Fire
48,2018,Alameda,0,0,0,0,Castro Fire
45,2018,Contra Costa,0,0,0,0,Buckingham Fire
45,2018,Marin,0,0,0,0,Bridge Fire
43,2018,Butte,0,2,0,0,Simmons Fire
40,2018,Riverside,0,0,0,0,Martinez Fire
40,2018,Mariposa,0,0,0,0,Ben Fire
40,2018,Contra Costa,0,0,0,0,Iron Fire
40,2018,Butte,0,0,0,0,Oregon Fire
39,2018,San Benito,0,0,0,0,Hidden Fire
38,2018,Shasta,0,0,0,0,Masonic Fire
38,2018,San Diego,0,0,0,0,Adobe Fire
37,2018,San Luis Obispo,0,0,0,0,Mustang Fire
37,2018,Siskiyou,0,0,0,0,Martin Fire
36,2018,Lake,0,0,0,0,Ridge Fire
36,2018,Riverside,0,0,0,0,Winchester Fire
35,2018,Mendocino,0,0,0,0,Brushy Fire
35,2018,Riverside,0,0,0,0,Terra Fire
35,2018,Shasta,0,0,0,0,Corner Fire
35,2018,San Benito,0,0,0,0,Fairview Fire
34,2018,Kern,0,0,0,0,Marcel Fire
34,2018,Alameda,0,0,0,0,Patterson Fire
34,2018,Tulare,0,0,0,0,Horse Creek Fire
33,2018,Butte,0,0,0,0,Nimshew Fire
33,2018,Tehama,0,0,0,0,Lariat Fire
33,2018,San Bernardino,0,0,0,0,Creek Fire
33,2018,Tulare,0,0,0,0,Wilcox Fire
32,2018,Fresno,0,0,0,0,Eagle Fire
32,2018,Riverside,0,0,0,0,Country Fire
32,2018,Lassen,0,0,0,0,3-18 Fire
32,2018,Lake,0,0,0,0,Creek Fire
31,2018,Shasta,0,0,0,0,Vista Fire
30,2018,Santa Clara,0,0,0,0,Quimby Fire
30,2018,Contra Costa,0,0,0,0,Alhambra Fire
30,2018,Alameda,0,0,0,0,Creek Fire
30,2018,Riverside,0,0,0,0,Sobrante Fire
30,2018,San Luis Obispo,0,0,0,0,Rock Fire
30,2018,Sacramento,0,0,0,0,Grant Fire
30,2018,Fresno,0,0,0,0,Aqueduct Fire
28,2018,San Diego,0,0,0,0,Border Fire
27,2018,Siskiyou,0,0,0,0,Ager Fire
26,2018,Tulare,0,0,0,0,White Fire
25,2018,Riverside,0,0,0,0,Soboba Fire
25,2018,Contra Costa,0,0,0,0,Willow Fire
25,2018,San Luis Obispo,0,0,0,0,Vineyard Fire
24,2018,Lake,0,0,0,0,Kelsey Fire
23,2018,Riverside,0,0,0,0,Land Fire
23,2018,Contra Costa,0,0,0,0,Glen Fire
23,2018,Tehama,0,0,0,0,Plymire Fire
22,2018,Mariposa,0,0,0,7,Wagner Fire
21,2018,Riverside,0,0,0,0,Meadow Fire
20,2018,Contra Costa,0,0,0,0,Morgan Fire
20,2018,Alameda,0,0,0,0,Niles Fire
20,2018,Santa Clara,0,0,0,0,Church Fire
20,2018,Alameda,0,0,0,0,Vallecitos Fire
20,2018,Riverside,0,0,0,0,Bridle Fire
20,2018,Butte,0,0,0,0,70 Fire
20,2018,Los Angeles,0,0,0,0,Portola Fire 
20,2018,Plumas,0,0,0,0,French Fire
18,2018,San Diego,0,0,0,0,Jacques Fire
18,2018,Riverside,0,0,0,0,Lago Fire
17,2018,Santa Cruz,0,0,0,0,Rincon Fire
17,2018,Amador,0,0,0,0,China Fire
17,2018,Riverside,0,0,0,0,Ethanac Fire
16,2018,Nevada,0,0,0,0,Oak Fire
16,2018,Humboldt,0,0,0,0,Johnson Fire
16,2018,Santa Clara,0,0,0,0,Keeler Fire
15,2018,Siskiyou,0,0,0,0,Iron Gate Fire
15,2018,Modoc,0,0,0,0,Essex Fire
15,2018,Riverside,0,0,0,0,Woodchuck Fire
15,2018,Riverside,0,0,0,0,Tyler Fire
14,2018,San Diego,0,0,0,0,Casner Fire
14,2018,San Luis Obispo,0,0,0,0,Camp Fire
14,2018,Lassen,0,0,0,0,3-2 Fire
14,2018,Yolo,0,0,0,0,Madison FIre
13,2018,Shasta,0,0,0,0,Ranchera Fire
13,2018,San Diego,0,0,1,0,Cinnamon Fire
13,2018,Fresno,0,0,0,0,Coldwell Fire
12,2018,Shasta,0,0,0,0,Tower Fire
12,2018,El Dorado,0,0,0,4,Meyers Fire
12,2018,San Bernardino,0,0,0,0,Gray Fire
12,2018,Madera,0,0,0,0,School Fire
12,2018,Marin,0,0,0,0,Mission Fire
12,2018,San Diego,0,0,0,0,Vista Fire
12,2018,Siskiyou,0,0,0,0,Meamber Fire
12,2018,San Luis Obispo,0,0,0,0,Resort Fire
12,2018,Napa,0,0,0,0,Bellagio Fire
12,2018,Alameda,0,0,0,0,Grant Fire
12,2018,San Diego,0,0,0,0,Volcan Fire
11,2018,Butte,0,0,0,0,Dark Fire
11,2018,Madera,0,0,0,0,Cornerstone Fire
11,2018,Riverside,0,0,0,0,Grande Fire
11,2018,Shasta,0,0,0,0,Rock Fire
10,2018,Santa Cruz,0,0,0,0,Bear Fire 
10,2018,Humboldt,0,0,0,0,Green Hill Fire
10,2018,Butte,0,0,0,0,Powellton Fire
10,2018,Riverside,0,0,0,0,Keller Fire
10,2018,Napa,0,0,0,0,Syar Fire
10,2018,Siskiyou,0,0,0,0,Lott Fire
10,2018,San Diego,0,0,0,0,Building Fire
10,2018,Butte,0,0,0,0,Llano Fire
10,2018,San Luis Obispo,0,0,0,12,Creek Fire
10,2018,Monterey,0,0,0,0,Ranchita Fire
10,2018,Sonoma,0,0,0,0,Pallet Fire
10,2018,San Diego,0,0,0,0,Green Fire
10,2018,Tehama,0,0,0,0,Black Fire
10,2018,Riverside,0,0,0,0,Jardin Fire
10,2018,Riverside,0,0,0,0,70th Fire
0,2018,Butte,0,0,0,0,Honey Flooding
0,2018,Humboldt,0,0,0,0,Grape Fire
0,2018,Santa Barbara,0,0,0,0,Montecito Flooding / Mudflows
0,2018,Ventura,0,0,0,0,Montecito Flooding / Mudflows
1806,2019,Ventura,0,0,0,0,Easy Fire
1300,2019,Mariposa,0,0,0,0,Gaines Fire
1011,2019,Riverside,2,0,16,74,Sandalwood Fire
605,2019,Tehama,0,0,0,0,Rawson Fire
494,2019,Riverside,0,0,0,0,Hill Fire 
355,2019,Placer,0,0,0,0,Foothills Fire
289,2019,Monterey,0,0,0,0,Cross Fire
289,2019,San Luis Obispo,0,0,0,0,Cross Fire
149,2019,Mariposa,0,0,0,0,Valley Fire
137,2019,Fresno,0,0,0,0,Mud Fire 
107,2019,Lassen,0,0,0,0,3-2 Willow (Previously H-1 Fire)
75,2019,Riverside,0,0,0,0,Wolf Fire
40,2019,Contra Costa,0,0,0,0,Merrill Fire
37,2019,San Diego,0,0,1,3,Miller Fire
35,2019,Alameda,0,0,0,0,Mines Fire
35,2019,Stanislaus,0,0,0,0,Rains Fire
30,2019,Shasta,0,0,0,0,Horse Fire
27,2019,Calaveras,0,0,0,0,Whiskey Fire
26,2019,San Bernardino,0,0,0,0,La Barisa Fire
25,2019,San Diego,0,0,0,0,Vista Fire
22,2019,El Dorado,0,0,0,0,Chaparral Fire
22,2019,Alameda,0,0,0,0,Mid Fire
15,2019,Contra Costa,0,0,0,0,Nustar Fire
12,2019,Riverside,0,0,0,0,Sage Fire
10,2019,Mendocino,0,0,0,0,Wilson Fire
10,2019,Santa Cruz,0,0,0,0,Deer Fire
77758,2019,Sonoma,0,4,60,374,Kincade Fire
54612,2019,Plumas,0,0,0,0,Walker Fire
14217,2019,Modoc,0,0,0,0,Tucker Fire
10296,2019,Inyo,0,0,0,0,Taboose Fire
9999,2019,Ventura,0,0,0,4,Maria Fire 
8838,2019,Tehama,0,0,0,2,Red Bank Fire
8799,2019,Los Angeles,1,8,88,19,Saddle Ridge Fire
5737,2019,Modoc,0,0,0,0,Lone Fire
5563,2019,Mariposa,0,0,0,1,Briceburg Fire
5332,2019,Tehama,0,0,0,0,South Fire
4840,2019,Mono,0,0,0,0,Springs Fire
4615,2019,Los Angeles,0,0,27,22,Tick Fire
3435,2019,El Dorado,0,0,0,0,Caples Fire
3380,2019,Lassen,0,0,0,0,R-1 Fire
3126,2019,Santa Barbara,0,0,0,0,Cave Fire (No Longer a CAL FIRE Incident)
2546,2019,Monterey,0,0,0,0,Lonoak Fire
2534,2019,Tehama,0,4,0,0,Ranch Fire
2512,2019,Yolo,0,2,0,7,Sand Fire
2500,2019,Kern,0,0,0,0,Refuge Fire
2438,2019,Lassen,0,0,0,0,Long Valley Fire 
2422,2019,Stanislaus,0,0,0,0,Rock Fire
1975,2019,Inyo,0,0,0,0,Cow Fire
1926,2019,Riverside,0,3,2,0,Tenaja
1872,2019,Siskiyou,0,0,0,0,Lime Fire
1764,2019,San Luis Obispo,0,0,0,0,McMillan Fire
1507,2019,Mexico,0,0,0,0,Border 8 Fire
1350,2019,Sutter,0,0,0,0,West Butte Fire
1301,2019,State of Oregon,0,0,0,0,Ward Fire
1165,2019,State of Nevada,0,0,0,0,Jasper Fire
1127,2019,San Luis Obispo,0,0,0,0,Boulder Fire
1020,2019,Lassen,0,0,0,0,W1 McDonald Fire
974,2019,San Luis Obispo,0,0,0,0,Gillis Fire
835,2019,San Luis Obispo,0,0,0,0,Belmont Fire
757,2019,Contra Costa,0,0,0,0,Marsh Complex
756,2019,Tulare,0,0,0,0,Creek Fire
745,2019,Los Angeles,0,0,0,0,Getty Fire 
703,2019,Mendocino,0,0,0,0,Burris Fire
604,2019,Placer,0,0,0,0,Baseline Fire 
600,2019,Shasta,0,3,7,14,Mountain Fire
600,2019,Stanislaus,0,0,0,0,Stuhr Fire
526,2019,Napa,0,0,0,1,American Fire
525,2019,Riverside,0,0,0,0,Jerry Fire
520,2019,Riverside,0,0,0,0,Horseshoe Fire 
496,2019,Butte,0,0,0,2,Swedes Fire
448,2019,San Diego,0,0,0,0,Caliente Fire
448,2019,Kern,0,0,0,0,Mesa Fire 
423,2019,Mariposa,0,0,0,0,Hunter Fire
420,2019,Santa Barbara,0,0,0,0,Real Fire
381,2019,Tulare,0,0,0,0,Broder Fire
350,2019,Riverside,0,0,1,1,Reche Fire
328,2019,Riverside,0,0,0,0,46 Fire
316,2019,Monterey,0,0,0,0,Lake Fire
300,2019,Butte,0,0,0,0,Hwy Fire
283,2019,San Joaquin,0,0,0,0,Hollow Fire
280,2019,Trinity,0,0,0,0,Rams Horn Fire
280,2019,Monterey,0,0,0,0,Mill Fire
279,2019,Ventura,0,0,0,0,Snail Fire
263,2019,Lassen,0,0,0,0,Snowstorm Fire
260,2019,Lassen,0,0,0,0,R-6 Fire
257,2019,Tulare,0,0,0,0,Citrus Fire
250,2019,Riverside,0,0,0,0,Sycamore Fire
244,2019,Trinity,0,0,0,0,Henthorne Fire
244,2019,Mariposa,0,0,0,0,Lake Fire
240,2019,Alameda,0,0,0,0,Harte Fire
227,2019,Siskiyou,0,0,0,0,Kidder 2 Fire
225,2019,Mendocino,0,3,0,0,Moose Fire
220,2019,San Luis Obispo,0,4,0,0,Lopez Fire
214,2019,Riverside,0,0,0,0,Wolf Fire 
213,2019,Madera,0,0,0,0,Madera Fire 
210,2019,Merced,0,0,0,0,Merced Fire 
210,2019,Santa Clara,0,0,0,0,Malech Fire
208,2019,Kern,0,0,0,0,Tejon Fire
207,2019,Siskiyou,0,0,0,0,Lumgrey Fire
202,2019,Stanislaus,0,0,0,0,Milton Fire 
200,2019,San Bernardino,0,0,0,0,Hillside Fire
200,2019,Contra Costa,0,0,0,0,Cypress Complex
200,2019,Ventura,0,0,0,0,Olivas Fire
200,2019,San Diego,0,0,0,0,Dehesa Fire 
200,2019,Santa Barbara,0,0,0,0,McMurray Fire
193,2019,Lassen,0,0,0,0,Doyle Fire
190,2019,Stanislaus,0,0,0,0,Stuhr Fire 
190,2019,Monterey,0,0,0,0,Sargent Fire
183,2019,Solano,0,0,0,0,Marshview Fire
172,2019,Kern,0,0,0,0,Vulcan Fire
167,2019,Riverside,0,0,0,0,Bautista Fire
167,2019,San Benito,0,0,0,0,Antelope Fire
161,2019,Kings,0,0,0,0,York Fire
156,2019,Shasta,0,0,0,0,Cottage Fire
156,2019,Los Angeles,0,0,0,0,Five Fire
156,2019,San Bernardino,0,0,0,0,Star Fire
155,2019,Tulare,0,0,0,0,Spruce Fire
150,2019,Contra Costa,0,0,0,0,Sky Fire 
150,2019,San Diego,0,0,0,0,Dehesa Fire
148,2019,Placer,0,0,0,0,Dyer Fire
145,2019,San Bernardino,0,0,0,0,Old Water Fire
144,2019,Santa Clara,0,0,0,0,Canyon Fire
140,2019,Solano,0,0,0,0,Glencove Fire 
139,2019,Alameda,0,0,0,0,Patterson Fire
131,2019,Lassen,0,0,0,0,Horse Fire
131,2019,Ventura,0,0,0,0,South Fire 
130,2019,Lassen,0,0,0,0,R-1 Fire
130,2019,Mendocino,0,0,0,0,Usal Fire
130,2019,Riverside,0,0,0,0,Shady Fire
128,2019,Santa Clara,0,0,0,0,Reservoir Fire
128,2019,Modoc,0,0,0,0,Goose 2 Fire
121,2019,Fresno,0,0,0,0,Hill Fire
120,2019,San Diego,0,0,0,0,Weisgarber Fire
120,2019,San Luis Obispo,0,0,0,0,Bitter Fire 
115,2019,Kern,0,0,0,0,Woody Fire
105,2019,Los Angeles,0,0,0,0,West Fire 
103,2019,Modoc,0,0,0,0,Meadow Fire (Not a CAL FIRE incident)
100,2019,Santa Barbara,0,0,0,0,Range Fire
100,2019,San Diego,0,0,0,0,Border Fire
98,2019,Riverside,0,0,0,0,Kennedy Fire
97,2019,San Diego,0,0,0,0,Sawday Fire 
96,2019,Riverside,0,0,0,0,Orange fire
95,2019,San Luis Obispo,0,0,0,0,Thompson Fire 
94,2019,Riverside,0,0,0,0,Toro Fire 
91,2019,Ventura,0,0,0,0,Wendy Fire
91,2019,Siskiyou,0,0,0,0,Bar Fire
90,2019,San Joaquin,0,0,0,0,Whiskey Fire
90,2019,Shasta,0,0,0,0,Trinity Fire
85,2019,El Dorado,0,2,0,4,Country Fire
84,2019,Sacramento,0,0,0,0,Browns Fire
83,2019,Tuolumne,0,0,0,0,Tulloch Fire
83,2019,Siskiyou,0,0,0,0,Tree Fire
81,2019,Solano,0,0,0,0,Timm Fire 
81,2019,San Bernardino,0,0,0,0,Milpas Fire
81,2019,Riverside,0,0,0,0,Meadow Fire
80,2019,Butte,0,0,0,0,Nelson Fire 
80,2019,Riverside,0,0,0,0,Ivy Fire
80,2019,San Diego,0,0,0,0,Border 9 Fire
80,2019,Santa Clara,0,0,0,0,Sweigert Fire 
80,2019,Riverside,0,0,0,0,Lincoln Fire
80,2019,Yuba,0,0,0,0,Scott Fire
80,2019,Yuba,0,0,0,0,Scott Fire
75,2019,Lake,0,0,0,0,Eagle Fire
74,2019,Santa Clara,0,0,0,0,Coyote Fire
70,2019,Yuba,0,0,0,0,Levee Fire
68,2019,Tehama,0,0,0,0,Corning Fire 
67,2019,Marin,0,0,0,0,Muir Fire
67,2019,Calaveras,0,0,0,0,Lynette Fire
66,2019,Monterey,0,0,0,0,Jolon Fire
65,2019,Placer,0,0,0,0,Sugar Fire
64,2019,Napa,0,0,0,0,Canyon Fire
63,2019,Glenn,0,0,0,0,Elk Fire
63,2019,Tehama,0,0,0,0,Paskenta Fire
62,2019,San Mateo,0,0,0,0,Cabrillo Fire
60,2019,Santa Clara,0,0,0,0,Bayliss Fire
58,2019,Butte,0,0,0,0,Forbestown Fire
58,2019,Contra Costa,0,0,0,0,Sellers Fire
55,2019,Lassen,0,0,0,0,Horse Fire
55,2019,Riverside,0,0,0,0,66 Fire
53,2019,Lake,0,0,0,1,Oak Fire
52,2019,San Luis Obispo,0,0,0,0,Ranch Fire
52,2019,San Diego,0,0,0,0,Willow Fire
50,2019,San Diego,0,0,0,0,Copper Fire
50,2019,Contra Costa,0,0,0,0,Forest Fire
50,2019,Sacramento,0,0,0,0,Prairie Fire 
50,2019,Napa,0,0,0,0,Ink Fire
50,2019,Butte,0,0,0,0,Meridian Fire
47,2019,Santa Clara,0,0,0,0,Aborn Fire
47,2019,Tulare,0,0,0,0,Springs Fire
46,2019,Shasta,0,0,0,0,Lower Fire
46,2019,Tehama,0,0,0,0,Paskenta Fire
45,2019,Riverside,0,0,0,0,Diversion Fire
44,2019,San Joaquin,0,0,0,0,Flood Fire 
43,2019,Monterey,0,0,0,0,Ardo Fire
42,2019,Los Angeles,0,0,0,0,Palisades Fire
42,2019,Shasta,0,0,0,0,Plains Fire
38,2019,Yuba,0,0,0,0,Far Fire
35,2019,Santa Clara,0,0,0,0,Jamieson Fire
35,2019,El Dorado,0,0,0,0,Patterson Fire
35,2019,Siskiyou,0,0,0,0,Community Fire
35,2019,Santa Clara,0,0,0,0,Calaveras Fire 
34,2019,Riverside,0,0,0,0,Redwood Fire
34,2019,Riverside,0,0,0,0,Yucca Fire
33,2019,Yolo,0,0,0,0,Heavy Range Fire
33,2019,Tulare,0,0,0,0,Yokohl Fire
30,2019,San Luis Obispo,0,0,0,0,Bitter Fire
30,2019,Solano,0,0,0,0,Mare Fire
30,2019,Shasta,0,0,0,0,Gilbert Fire
30,2019,Shasta,0,0,0,0,Ranch Fire
30,2019,Alameda,0,0,0,0,Mountain Fire
30,2019,Riverside,0,0,0,0,Girasol Fire
30,2019,Humboldt,0,0,0,0,Pilot Fire
29,2019,Santa Clara,0,0,0,0,Point Fire 
29,2019,Kern,0,0,0,0,Caliente Fire
28,2019,Lake,0,0,0,0,Glass Fire
28,2019,San Diego,0,0,0,0,Otay Fire
27,2019,Placer,0,0,0,0,Watt Fire
26,2019,Riverside,0,0,0,0,Foothill Fire
25,2019,Lake,0,0,0,0,Grove Fire
25,2019,Fresno,0,0,0,0,Frame Fire
25,2019,Mexico,0,0,0,0,Border 10 Fire
25,2019,San Diego,0,0,0,0,Border 10 Fire
25,2019,Alameda,0,0,0,0,Bikeway Fire
25,2019,Tulare,0,0,0,0,Bear Fire
24,2019,Contra Costa,0,0,0,0,Fellow Fire
24,2019,Solano,0,0,0,0,Nelson Fire 
23,2019,Contra Costa,0,0,0,0,Willow Fire
22,2019,San Diego,0,0,0,0,Border Fire
21,2019,Tuolumne,0,0,0,0,Preston Fire
20,2019,Colusa,0,0,0,0,Spring Fire 
20,2019,Riverside,0,0,0,0,Radio Fire
20,2019,Lake,0,0,0,0,Golf Fire
20,2019,Riverside,0,0,0,0,Gibbel Fire 
20,2019,Riverside,0,0,0,0,Nuevo Fire
19,2019,Riverside,0,0,0,0,Sobrante Fire 
19,2019,Riverside,0,0,0,0,Warren Fire
19,2019,Alameda,0,0,0,0,Carroll Fire
18,2019,Stanislaus,0,0,0,0,Del Fire
17,2019,San Benito,0,0,0,0,Foster Fire 
17,2019,Santa Clara,0,0,0,0,Mines Fire
17,2019,Butte,0,0,0,0,32 Fire
17,2019,Siskiyou,0,0,0,0,Rocky Fire
16,2019,Shasta,0,0,0,0,Cow Fire
16,2019,El Dorado,0,0,0,0,Greenstone Fire 
15,2019,Siskiyou,0,0,0,0,Duzel Fire
15,2019,San Bernardino,0,0,0,0,Telephone Fire
15,2019,San Diego,0,0,0,0,Pauma Fire
13,2019,El Dorado,0,0,0,0,Carson Fire
12,2019,Alameda,0,0,0,0,Little Fire
12,2019,Butte,0,0,0,0,Mayberry Fire 
11,2019,San Bernardino,0,0,0,0,Beaumont Fire
11,2019,Tehama,0,0,0,0,Dales Fire
11,2019,Stanislaus,0,0,0,0,Bridge Fire
11,2019,Alameda,0,0,0,0,Mines Fire
10,2019,San Diego,0,0,0,0,Fairmont Fire
10,2019,Tehama,0,0,0,1,Inghram Fire
10,2019,Amador,0,1,0,0,Electra Fire
10,2019,Riverside,0,0,0,0,Bailey Fire
10,2019,Butte,0,0,0,0,Moms Fire 
10,2019,Siskiyou,0,0,0,0,IronGate Fire
10,2019,Butte,0,0,0,0,Cana Fire
9,2019,Riverside,0,0,0,0,Eagle Fire
2,2019,Nevada,0,0,0,0,Long Fire
0,2019,Yolo,0,0,0,0,Cashe Fire 
0,2019,San Diego,0,0,0,0,Oak Fire
0,2019,Riverside,0,0,0,0,Johnson Fire 